1,sample,tag,sample.png,161
2,sample,tag,sample.png,277
3,sample,tag,sample.png,178
4,sample,tag,sample.png,10
5,sample,tag,sample.png,69
6,sample,tag,sample.png,169
7,sample,tag,sample.png,110
8,sample,tag,sample.png,211
9,sample,tag,sample.png,51
10,sample,tag,sample.png,88
11,sample,tag,sample.png,88
12,sample,tag,sample.png,290
13,sample,tag,sample.png,132
14,sample,tag,sample.png,30
15,sample,tag,sample.png,191
16,sample,tag,sample.png,210
17,sample,tag,sample.png,149
18,sample,tag,sample.png,55
19,sample,tag,sample.png,195
20,sample,tag,sample.png,74
21,sample,tag,sample.png,280
22,sample,tag,sample.png,32
23,sample,tag,sample.png,29
24,sample,tag,sample.png,87
25,sample,tag,sample.png,31
26,sample,tag,sample.png,36
27,sample,tag,sample.png,44
28,sample,tag,sample.png,98
29,sample,tag,sample.png,81
30,sample,tag,sample.png,59
31,sample,tag,sample.png,58
32,sample,tag,sample.png,205
33,sample,tag,sample.png,24
34,sample,tag,sample.png,123
35,sample,tag,sample.png,42
36,sample,tag,sample.png,269
37,sample,tag,sample.png,13
38,sample,tag,sample.png,289
39,sample,tag,sample.png,85
40,sample,tag,sample.png,40
41,sample,tag,sample.png,295
42,sample,tag,sample.png,218
43,sample,tag,sample.png,114
44,sample,tag,sample.png,108
45,sample,tag,sample.png,211
46,sample,tag,sample.png,4
47,sample,tag,sample.png,12
48,sample,tag,sample.png,129
49,sample,tag,sample.png,196
50,sample,tag,sample.png,142
51,sample,tag,sample.png,278
52,sample,tag,sample.png,253
53,sample,tag,sample.png,204
54,sample,tag,sample.png,285
55,sample,tag,sample.png,136
56,sample,tag,sample.png,195
57,sample,tag,sample.png,179
58,sample,tag,sample.png,139
59,sample,tag,sample.png,202
60,sample,tag,sample.png,134
61,sample,tag,sample.png,42
62,sample,tag,sample.png,197
63,sample,tag,sample.png,273
64,sample,tag,sample.png,58
65,sample,tag,sample.png,104
66,sample,tag,sample.png,136
67,sample,tag,sample.png,215
68,sample,tag,sample.png,268
69,sample,tag,sample.png,241
70,sample,tag,sample.png,20
71,sample,tag,sample.png,183
72,sample,tag,sample.png,247
73,sample,tag,sample.png,183
74,sample,tag,sample.png,22
75,sample,tag,sample.png,285
76,sample,tag,sample.png,224
77,sample,tag,sample.png,28
78,sample,tag,sample.png,67
79,sample,tag,sample.png,5
80,sample,tag,sample.png,3
81,sample,tag,sample.png,7
82,sample,tag,sample.png,131
83,sample,tag,sample.png,10
84,sample,tag,sample.png,253
85,sample,tag,sample.png,285
86,sample,tag,sample.png,167
87,sample,tag,sample.png,113
88,sample,tag,sample.png,72
89,sample,tag,sample.png,255
90,sample,tag,sample.png,125
91,sample,tag,sample.png,141
92,sample,tag,sample.png,254
93,sample,tag,sample.png,138
94,sample,tag,sample.png,12
95,sample,tag,sample.png,189
96,sample,tag,sample.png,40
97,sample,tag,sample.png,299
98,sample,tag,sample.png,292
99,sample,tag,sample.png,259
100,sample,tag,sample.png,225
101,sample,tag,sample.png,72
102,sample,tag,sample.png,119
103,sample,tag,sample.png,49
104,sample,tag,sample.png,78
105,sample,tag,sample.png,2
106,sample,tag,sample.png,78
107,sample,tag,sample.png,239
108,sample,tag,sample.png,195
109,sample,tag,sample.png,36
110,sample,tag,sample.png,214
111,sample,tag,sample.png,154
112,sample,tag,sample.png,66
113,sample,tag,sample.png,215
114,sample,tag,sample.png,105
115,sample,tag,sample.png,198
116,sample,tag,sample.png,1
117,sample,tag,sample.png,142
118,sample,tag,sample.png,38
119,sample,tag,sample.png,64
120,sample,tag,sample.png,160
121,sample,tag,sample.png,235
122,sample,tag,sample.png,124
123,sample,tag,sample.png,32
124,sample,tag,sample.png,95
125,sample,tag,sample.png,26
126,sample,tag,sample.png,213
127,sample,tag,sample.png,89
128,sample,tag,sample.png,28
129,sample,tag,sample.png,72
130,sample,tag,sample.png,69
131,sample,tag,sample.png,184
132,sample,tag,sample.png,135
133,sample,tag,sample.png,135
134,sample,tag,sample.png,56
135,sample,tag,sample.png,9
136,sample,tag,sample.png,295
137,sample,tag,sample.png,201
138,sample,tag,sample.png,94
139,sample,tag,sample.png,41
140,sample,tag,sample.png,174
141,sample,tag,sample.png,161
142,sample,tag,sample.png,144
143,sample,tag,sample.png,177
144,sample,tag,sample.png,179
145,sample,tag,sample.png,109
146,sample,tag,sample.png,20
147,sample,tag,sample.png,77
148,sample,tag,sample.png,290
149,sample,tag,sample.png,254
150,sample,tag,sample.png,164
151,sample,tag,sample.png,2
152,sample,tag,sample.png,201
153,sample,tag,sample.png,55
154,sample,tag,sample.png,137
155,sample,tag,sample.png,289
156,sample,tag,sample.png,130
157,sample,tag,sample.png,82
158,sample,tag,sample.png,77
159,sample,tag,sample.png,23
160,sample,tag,sample.png,166
161,sample,tag,sample.png,110
162,sample,tag,sample.png,261
163,sample,tag,sample.png,205
164,sample,tag,sample.png,196
165,sample,tag,sample.png,204
166,sample,tag,sample.png,145
167,sample,tag,sample.png,116
168,sample,tag,sample.png,142
169,sample,tag,sample.png,83
170,sample,tag,sample.png,280
171,sample,tag,sample.png,113
172,sample,tag,sample.png,75
173,sample,tag,sample.png,53
174,sample,tag,sample.png,157
175,sample,tag,sample.png,293
176,sample,tag,sample.png,127
177,sample,tag,sample.png,99
178,sample,tag,sample.png,238
179,sample,tag,sample.png,199
180,sample,tag,sample.png,297
181,sample,tag,sample.png,147
182,sample,tag,sample.png,81
183,sample,tag,sample.png,13
184,sample,tag,sample.png,82
185,sample,tag,sample.png,222
186,sample,tag,sample.png,271
187,sample,tag,sample.png,80
188,sample,tag,sample.png,272
189,sample,tag,sample.png,267
190,sample,tag,sample.png,231
191,sample,tag,sample.png,155
192,sample,tag,sample.png,5
193,sample,tag,sample.png,99
194,sample,tag,sample.png,49
195,sample,tag,sample.png,42
196,sample,tag,sample.png,83
197,sample,tag,sample.png,222
198,sample,tag,sample.png,155
199,sample,tag,sample.png,183
200,sample,tag,sample.png,88
201,sample,tag,sample.png,292
202,sample,tag,sample.png,151
203,sample,tag,sample.png,242
204,sample,tag,sample.png,52
205,sample,tag,sample.png,215
206,sample,tag,sample.png,36
207,sample,tag,sample.png,93
208,sample,tag,sample.png,273
209,sample,tag,sample.png,142
210,sample,tag,sample.png,166
211,sample,tag,sample.png,94
212,sample,tag,sample.png,196
213,sample,tag,sample.png,46
214,sample,tag,sample.png,181
215,sample,tag,sample.png,208
216,sample,tag,sample.png,184
217,sample,tag,sample.png,213
218,sample,tag,sample.png,119
219,sample,tag,sample.png,282
220,sample,tag,sample.png,17
221,sample,tag,sample.png,206
222,sample,tag,sample.png,84
223,sample,tag,sample.png,127
224,sample,tag,sample.png,199
225,sample,tag,sample.png,243
226,sample,tag,sample.png,26
227,sample,tag,sample.png,278
228,sample,tag,sample.png,10
229,sample,tag,sample.png,199
230,sample,tag,sample.png,77
231,sample,tag,sample.png,174
232,sample,tag,sample.png,256
233,sample,tag,sample.png,145
234,sample,tag,sample.png,185
235,sample,tag,sample.png,134
236,sample,tag,sample.png,180
237,sample,tag,sample.png,258
238,sample,tag,sample.png,32
239,sample,tag,sample.png,12
240,sample,tag,sample.png,27
241,sample,tag,sample.png,237
242,sample,tag,sample.png,92
243,sample,tag,sample.png,169
244,sample,tag,sample.png,288
245,sample,tag,sample.png,293
246,sample,tag,sample.png,212
247,sample,tag,sample.png,88
248,sample,tag,sample.png,21
249,sample,tag,sample.png,110
250,sample,tag,sample.png,93
251,sample,tag,sample.png,110
252,sample,tag,sample.png,162
253,sample,tag,sample.png,148
254,sample,tag,sample.png,116
255,sample,tag,sample.png,95
256,sample,tag,sample.png,99
257,sample,tag,sample.png,263
258,sample,tag,sample.png,169
259,sample,tag,sample.png,249
260,sample,tag,sample.png,245
261,sample,tag,sample.png,88
262,sample,tag,sample.png,8
263,sample,tag,sample.png,230
264,sample,tag,sample.png,166
265,sample,tag,sample.png,79
266,sample,tag,sample.png,77
267,sample,tag,sample.png,81
268,sample,tag,sample.png,160
269,sample,tag,sample.png,32
270,sample,tag,sample.png,128
271,sample,tag,sample.png,277
272,sample,tag,sample.png,31
273,sample,tag,sample.png,66
274,sample,tag,sample.png,179
275,sample,tag,sample.png,23
276,sample,tag,sample.png,91
277,sample,tag,sample.png,285
278,sample,tag,sample.png,24
279,sample,tag,sample.png,149
280,sample,tag,sample.png,228
281,sample,tag,sample.png,181
282,sample,tag,sample.png,217
283,sample,tag,sample.png,291
284,sample,tag,sample.png,221
285,sample,tag,sample.png,143
286,sample,tag,sample.png,91
287,sample,tag,sample.png,130
288,sample,tag,sample.png,231
289,sample,tag,sample.png,236
290,sample,tag,sample.png,70
291,sample,tag,sample.png,105
292,sample,tag,sample.png,245
293,sample,tag,sample.png,65
294,sample,tag,sample.png,272
295,sample,tag,sample.png,270
296,sample,tag,sample.png,217
297,sample,tag,sample.png,49
298,sample,tag,sample.png,136
299,sample,tag,sample.png,202
300,sample,tag,sample.png,267
301,sample,tag,sample.png,289
302,sample,tag,sample.png,178
303,sample,tag,sample.png,188
304,sample,tag,sample.png,46
305,sample,tag,sample.png,233
306,sample,tag,sample.png,213
307,sample,tag,sample.png,130
308,sample,tag,sample.png,206
309,sample,tag,sample.png,105
310,sample,tag,sample.png,173
311,sample,tag,sample.png,46
312,sample,tag,sample.png,206
313,sample,tag,sample.png,272
314,sample,tag,sample.png,245
315,sample,tag,sample.png,175
316,sample,tag,sample.png,281
317,sample,tag,sample.png,88
318,sample,tag,sample.png,110
319,sample,tag,sample.png,164
320,sample,tag,sample.png,220
321,sample,tag,sample.png,98
322,sample,tag,sample.png,83
323,sample,tag,sample.png,285
324,sample,tag,sample.png,36
325,sample,tag,sample.png,241
326,sample,tag,sample.png,206
327,sample,tag,sample.png,154
328,sample,tag,sample.png,209
329,sample,tag,sample.png,82
330,sample,tag,sample.png,60
331,sample,tag,sample.png,12
332,sample,tag,sample.png,54
333,sample,tag,sample.png,169
334,sample,tag,sample.png,24
335,sample,tag,sample.png,23
336,sample,tag,sample.png,216
337,sample,tag,sample.png,120
338,sample,tag,sample.png,62
339,sample,tag,sample.png,226
340,sample,tag,sample.png,186
341,sample,tag,sample.png,213
342,sample,tag,sample.png,130
343,sample,tag,sample.png,167
344,sample,tag,sample.png,71
345,sample,tag,sample.png,243
346,sample,tag,sample.png,70
347,sample,tag,sample.png,114
348,sample,tag,sample.png,219
349,sample,tag,sample.png,255
350,sample,tag,sample.png,122
351,sample,tag,sample.png,287
352,sample,tag,sample.png,74
353,sample,tag,sample.png,89
354,sample,tag,sample.png,200
355,sample,tag,sample.png,217
356,sample,tag,sample.png,69
357,sample,tag,sample.png,173
358,sample,tag,sample.png,17
359,sample,tag,sample.png,107
360,sample,tag,sample.png,243
361,sample,tag,sample.png,257
362,sample,tag,sample.png,286
363,sample,tag,sample.png,35
364,sample,tag,sample.png,113
365,sample,tag,sample.png,184
366,sample,tag,sample.png,180
367,sample,tag,sample.png,134
368,sample,tag,sample.png,146
369,sample,tag,sample.png,259
370,sample,tag,sample.png,173
371,sample,tag,sample.png,29
372,sample,tag,sample.png,162
373,sample,tag,sample.png,222
374,sample,tag,sample.png,81
375,sample,tag,sample.png,152
376,sample,tag,sample.png,204
377,sample,tag,sample.png,68
378,sample,tag,sample.png,115
379,sample,tag,sample.png,52
380,sample,tag,sample.png,224
381,sample,tag,sample.png,229
382,sample,tag,sample.png,224
383,sample,tag,sample.png,233
384,sample,tag,sample.png,180
385,sample,tag,sample.png,65
386,sample,tag,sample.png,43
387,sample,tag,sample.png,276
388,sample,tag,sample.png,96
389,sample,tag,sample.png,136
390,sample,tag,sample.png,173
391,sample,tag,sample.png,147
392,sample,tag,sample.png,56
393,sample,tag,sample.png,73
394,sample,tag,sample.png,175
395,sample,tag,sample.png,148
396,sample,tag,sample.png,245
397,sample,tag,sample.png,117
398,sample,tag,sample.png,300
399,sample,tag,sample.png,257
400,sample,tag,sample.png,175
401,sample,tag,sample.png,248
402,sample,tag,sample.png,223
403,sample,tag,sample.png,12
404,sample,tag,sample.png,162
405,sample,tag,sample.png,71
406,sample,tag,sample.png,237
407,sample,tag,sample.png,280
408,sample,tag,sample.png,74
409,sample,tag,sample.png,95
410,sample,tag,sample.png,17
411,sample,tag,sample.png,5
412,sample,tag,sample.png,84
413,sample,tag,sample.png,26
414,sample,tag,sample.png,1
415,sample,tag,sample.png,230
416,sample,tag,sample.png,31
417,sample,tag,sample.png,241
418,sample,tag,sample.png,224
419,sample,tag,sample.png,166
420,sample,tag,sample.png,58
421,sample,tag,sample.png,25
422,sample,tag,sample.png,257
423,sample,tag,sample.png,178
424,sample,tag,sample.png,296
425,sample,tag,sample.png,216
426,sample,tag,sample.png,276
427,sample,tag,sample.png,20
428,sample,tag,sample.png,180
429,sample,tag,sample.png,262
430,sample,tag,sample.png,240
431,sample,tag,sample.png,143
432,sample,tag,sample.png,170
433,sample,tag,sample.png,84
434,sample,tag,sample.png,14
435,sample,tag,sample.png,39
436,sample,tag,sample.png,153
437,sample,tag,sample.png,155
438,sample,tag,sample.png,92
439,sample,tag,sample.png,169
440,sample,tag,sample.png,16
441,sample,tag,sample.png,249
442,sample,tag,sample.png,127
443,sample,tag,sample.png,226
444,sample,tag,sample.png,244
445,sample,tag,sample.png,233
446,sample,tag,sample.png,16
447,sample,tag,sample.png,174
448,sample,tag,sample.png,281
449,sample,tag,sample.png,166
450,sample,tag,sample.png,103
451,sample,tag,sample.png,92
452,sample,tag,sample.png,248
453,sample,tag,sample.png,183
454,sample,tag,sample.png,45
455,sample,tag,sample.png,27
456,sample,tag,sample.png,71
457,sample,tag,sample.png,64
458,sample,tag,sample.png,215
459,sample,tag,sample.png,69
460,sample,tag,sample.png,297
461,sample,tag,sample.png,133
462,sample,tag,sample.png,206
463,sample,tag,sample.png,231
464,sample,tag,sample.png,78
465,sample,tag,sample.png,71
466,sample,tag,sample.png,139
467,sample,tag,sample.png,92
468,sample,tag,sample.png,131
469,sample,tag,sample.png,111
470,sample,tag,sample.png,93
471,sample,tag,sample.png,128
472,sample,tag,sample.png,236
473,sample,tag,sample.png,54
474,sample,tag,sample.png,189
475,sample,tag,sample.png,143
476,sample,tag,sample.png,88
477,sample,tag,sample.png,41
478,sample,tag,sample.png,272
479,sample,tag,sample.png,74
480,sample,tag,sample.png,141
481,sample,tag,sample.png,107
482,sample,tag,sample.png,52
483,sample,tag,sample.png,284
484,sample,tag,sample.png,21
485,sample,tag,sample.png,208
486,sample,tag,sample.png,192
487,sample,tag,sample.png,266
488,sample,tag,sample.png,75
489,sample,tag,sample.png,117
490,sample,tag,sample.png,285
491,sample,tag,sample.png,69
492,sample,tag,sample.png,39
493,sample,tag,sample.png,154
494,sample,tag,sample.png,262
495,sample,tag,sample.png,86
496,sample,tag,sample.png,104
497,sample,tag,sample.png,81
498,sample,tag,sample.png,49
499,sample,tag,sample.png,217
500,sample,tag,sample.png,101
501,sample,tag,sample.png,224
502,sample,tag,sample.png,122
503,sample,tag,sample.png,65
504,sample,tag,sample.png,226
505,sample,tag,sample.png,83
506,sample,tag,sample.png,148
507,sample,tag,sample.png,166
508,sample,tag,sample.png,41
509,sample,tag,sample.png,135
510,sample,tag,sample.png,16
511,sample,tag,sample.png,106
512,sample,tag,sample.png,267
513,sample,tag,sample.png,89
514,sample,tag,sample.png,95
515,sample,tag,sample.png,249
516,sample,tag,sample.png,164
517,sample,tag,sample.png,212
518,sample,tag,sample.png,28
519,sample,tag,sample.png,63
520,sample,tag,sample.png,138
521,sample,tag,sample.png,261
522,sample,tag,sample.png,4
523,sample,tag,sample.png,138
524,sample,tag,sample.png,16
525,sample,tag,sample.png,49
526,sample,tag,sample.png,268
527,sample,tag,sample.png,222
528,sample,tag,sample.png,244
529,sample,tag,sample.png,214
530,sample,tag,sample.png,242
531,sample,tag,sample.png,250
532,sample,tag,sample.png,5
533,sample,tag,sample.png,153
534,sample,tag,sample.png,55
535,sample,tag,sample.png,236
536,sample,tag,sample.png,279
537,sample,tag,sample.png,147
538,sample,tag,sample.png,10
539,sample,tag,sample.png,163
540,sample,tag,sample.png,135
541,sample,tag,sample.png,231
542,sample,tag,sample.png,17
543,sample,tag,sample.png,297
544,sample,tag,sample.png,211
545,sample,tag,sample.png,83
546,sample,tag,sample.png,186
547,sample,tag,sample.png,222
548,sample,tag,sample.png,292
549,sample,tag,sample.png,130
550,sample,tag,sample.png,143
551,sample,tag,sample.png,5
552,sample,tag,sample.png,156
553,sample,tag,sample.png,130
554,sample,tag,sample.png,212
555,sample,tag,sample.png,185
556,sample,tag,sample.png,212
557,sample,tag,sample.png,96
558,sample,tag,sample.png,129
559,sample,tag,sample.png,119
560,sample,tag,sample.png,66
561,sample,tag,sample.png,43
562,sample,tag,sample.png,195
563,sample,tag,sample.png,206
564,sample,tag,sample.png,232
565,sample,tag,sample.png,130
566,sample,tag,sample.png,206
567,sample,tag,sample.png,145
568,sample,tag,sample.png,205
569,sample,tag,sample.png,1
570,sample,tag,sample.png,3
571,sample,tag,sample.png,43
572,sample,tag,sample.png,233
573,sample,tag,sample.png,271
574,sample,tag,sample.png,52
575,sample,tag,sample.png,134
576,sample,tag,sample.png,15
577,sample,tag,sample.png,262
578,sample,tag,sample.png,237
579,sample,tag,sample.png,177
580,sample,tag,sample.png,35
581,sample,tag,sample.png,138
582,sample,tag,sample.png,142
583,sample,tag,sample.png,171
584,sample,tag,sample.png,182
585,sample,tag,sample.png,181
586,sample,tag,sample.png,91
587,sample,tag,sample.png,170
588,sample,tag,sample.png,84
589,sample,tag,sample.png,190
590,sample,tag,sample.png,48
591,sample,tag,sample.png,201
592,sample,tag,sample.png,127
593,sample,tag,sample.png,276
594,sample,tag,sample.png,157
595,sample,tag,sample.png,96
596,sample,tag,sample.png,152
597,sample,tag,sample.png,281
598,sample,tag,sample.png,108
599,sample,tag,sample.png,9
600,sample,tag,sample.png,290
601,sample,tag,sample.png,210
602,sample,tag,sample.png,206
603,sample,tag,sample.png,136
604,sample,tag,sample.png,285
605,sample,tag,sample.png,41
606,sample,tag,sample.png,94
607,sample,tag,sample.png,112
608,sample,tag,sample.png,54
609,sample,tag,sample.png,238
610,sample,tag,sample.png,273
611,sample,tag,sample.png,223
612,sample,tag,sample.png,191
613,sample,tag,sample.png,234
614,sample,tag,sample.png,9
615,sample,tag,sample.png,256
616,sample,tag,sample.png,124
617,sample,tag,sample.png,84
618,sample,tag,sample.png,111
619,sample,tag,sample.png,94
620,sample,tag,sample.png,27
621,sample,tag,sample.png,240
622,sample,tag,sample.png,221
623,sample,tag,sample.png,127
624,sample,tag,sample.png,212
625,sample,tag,sample.png,204
626,sample,tag,sample.png,273
627,sample,tag,sample.png,73
628,sample,tag,sample.png,279
629,sample,tag,sample.png,22
630,sample,tag,sample.png,74
631,sample,tag,sample.png,33
632,sample,tag,sample.png,122
633,sample,tag,sample.png,298
634,sample,tag,sample.png,37
635,sample,tag,sample.png,117
636,sample,tag,sample.png,25
637,sample,tag,sample.png,149
638,sample,tag,sample.png,190
639,sample,tag,sample.png,182
640,sample,tag,sample.png,42
641,sample,tag,sample.png,294
642,sample,tag,sample.png,202
643,sample,tag,sample.png,91
644,sample,tag,sample.png,180
645,sample,tag,sample.png,28
646,sample,tag,sample.png,213
647,sample,tag,sample.png,208
648,sample,tag,sample.png,184
649,sample,tag,sample.png,162
650,sample,tag,sample.png,168
651,sample,tag,sample.png,21
652,sample,tag,sample.png,112
653,sample,tag,sample.png,118
654,sample,tag,sample.png,12
655,sample,tag,sample.png,284
656,sample,tag,sample.png,231
657,sample,tag,sample.png,196
658,sample,tag,sample.png,99
659,sample,tag,sample.png,204
660,sample,tag,sample.png,175
661,sample,tag,sample.png,103
662,sample,tag,sample.png,300
663,sample,tag,sample.png,76
664,sample,tag,sample.png,67
665,sample,tag,sample.png,169
666,sample,tag,sample.png,89
667,sample,tag,sample.png,191
668,sample,tag,sample.png,35
669,sample,tag,sample.png,38
670,sample,tag,sample.png,24
671,sample,tag,sample.png,229
672,sample,tag,sample.png,230
673,sample,tag,sample.png,164
674,sample,tag,sample.png,120
675,sample,tag,sample.png,81
676,sample,tag,sample.png,207
677,sample,tag,sample.png,183
678,sample,tag,sample.png,130
679,sample,tag,sample.png,155
680,sample,tag,sample.png,68
681,sample,tag,sample.png,138
682,sample,tag,sample.png,78
683,sample,tag,sample.png,291
684,sample,tag,sample.png,250
685,sample,tag,sample.png,239
686,sample,tag,sample.png,157
687,sample,tag,sample.png,131
688,sample,tag,sample.png,133
689,sample,tag,sample.png,218
690,sample,tag,sample.png,192
691,sample,tag,sample.png,140
692,sample,tag,sample.png,289
693,sample,tag,sample.png,205
694,sample,tag,sample.png,78
695,sample,tag,sample.png,53
696,sample,tag,sample.png,27
697,sample,tag,sample.png,121
698,sample,tag,sample.png,131
699,sample,tag,sample.png,297
700,sample,tag,sample.png,281
701,sample,tag,sample.png,122
702,sample,tag,sample.png,256
703,sample,tag,sample.png,209
704,sample,tag,sample.png,248
705,sample,tag,sample.png,220
706,sample,tag,sample.png,1
707,sample,tag,sample.png,59
708,sample,tag,sample.png,249
709,sample,tag,sample.png,225
710,sample,tag,sample.png,34
711,sample,tag,sample.png,142
712,sample,tag,sample.png,205
713,sample,tag,sample.png,257
714,sample,tag,sample.png,235
715,sample,tag,sample.png,291
716,sample,tag,sample.png,96
717,sample,tag,sample.png,215
718,sample,tag,sample.png,96
719,sample,tag,sample.png,202
720,sample,tag,sample.png,13
721,sample,tag,sample.png,148
722,sample,tag,sample.png,102
723,sample,tag,sample.png,251
724,sample,tag,sample.png,252
725,sample,tag,sample.png,198
726,sample,tag,sample.png,299
727,sample,tag,sample.png,236
728,sample,tag,sample.png,130
729,sample,tag,sample.png,176
730,sample,tag,sample.png,269
731,sample,tag,sample.png,297
732,sample,tag,sample.png,46
733,sample,tag,sample.png,179
734,sample,tag,sample.png,292
735,sample,tag,sample.png,86
736,sample,tag,sample.png,151
737,sample,tag,sample.png,206
738,sample,tag,sample.png,94
739,sample,tag,sample.png,86
740,sample,tag,sample.png,180
741,sample,tag,sample.png,262
742,sample,tag,sample.png,162
743,sample,tag,sample.png,59
744,sample,tag,sample.png,168
745,sample,tag,sample.png,182
746,sample,tag,sample.png,57
747,sample,tag,sample.png,281
748,sample,tag,sample.png,280
749,sample,tag,sample.png,165
750,sample,tag,sample.png,136
751,sample,tag,sample.png,295
752,sample,tag,sample.png,28
753,sample,tag,sample.png,193
754,sample,tag,sample.png,254
755,sample,tag,sample.png,276
756,sample,tag,sample.png,81
757,sample,tag,sample.png,230
758,sample,tag,sample.png,144
759,sample,tag,sample.png,145
760,sample,tag,sample.png,239
761,sample,tag,sample.png,240
762,sample,tag,sample.png,200
763,sample,tag,sample.png,219
764,sample,tag,sample.png,71
765,sample,tag,sample.png,159
766,sample,tag,sample.png,144
767,sample,tag,sample.png,39
768,sample,tag,sample.png,64
769,sample,tag,sample.png,121
770,sample,tag,sample.png,123
771,sample,tag,sample.png,273
772,sample,tag,sample.png,272
773,sample,tag,sample.png,272
774,sample,tag,sample.png,275
775,sample,tag,sample.png,184
776,sample,tag,sample.png,121
777,sample,tag,sample.png,216
778,sample,tag,sample.png,212
779,sample,tag,sample.png,90
780,sample,tag,sample.png,43
781,sample,tag,sample.png,252
782,sample,tag,sample.png,178
783,sample,tag,sample.png,142
784,sample,tag,sample.png,112
785,sample,tag,sample.png,290
786,sample,tag,sample.png,86
787,sample,tag,sample.png,261
788,sample,tag,sample.png,220
789,sample,tag,sample.png,187
790,sample,tag,sample.png,179
791,sample,tag,sample.png,217
792,sample,tag,sample.png,156
793,sample,tag,sample.png,185
794,sample,tag,sample.png,117
795,sample,tag,sample.png,147
796,sample,tag,sample.png,295
797,sample,tag,sample.png,296
798,sample,tag,sample.png,162
799,sample,tag,sample.png,119
800,sample,tag,sample.png,13
801,sample,tag,sample.png,75
802,sample,tag,sample.png,209
803,sample,tag,sample.png,269
804,sample,tag,sample.png,128
805,sample,tag,sample.png,148
806,sample,tag,sample.png,97
807,sample,tag,sample.png,21
808,sample,tag,sample.png,168
809,sample,tag,sample.png,173
810,sample,tag,sample.png,3
811,sample,tag,sample.png,24
812,sample,tag,sample.png,190
813,sample,tag,sample.png,215
814,sample,tag,sample.png,154
815,sample,tag,sample.png,109
816,sample,tag,sample.png,146
817,sample,tag,sample.png,73
818,sample,tag,sample.png,122
819,sample,tag,sample.png,78
820,sample,tag,sample.png,100
821,sample,tag,sample.png,101
822,sample,tag,sample.png,295
823,sample,tag,sample.png,204
824,sample,tag,sample.png,133
825,sample,tag,sample.png,210
826,sample,tag,sample.png,248
827,sample,tag,sample.png,52
828,sample,tag,sample.png,17
829,sample,tag,sample.png,18
830,sample,tag,sample.png,220
831,sample,tag,sample.png,245
832,sample,tag,sample.png,53
833,sample,tag,sample.png,72
834,sample,tag,sample.png,286
835,sample,tag,sample.png,16
836,sample,tag,sample.png,80
837,sample,tag,sample.png,88
838,sample,tag,sample.png,38
839,sample,tag,sample.png,39
840,sample,tag,sample.png,220
841,sample,tag,sample.png,291
842,sample,tag,sample.png,105
843,sample,tag,sample.png,154
844,sample,tag,sample.png,209
845,sample,tag,sample.png,52
846,sample,tag,sample.png,142
847,sample,tag,sample.png,37
848,sample,tag,sample.png,3
849,sample,tag,sample.png,72
850,sample,tag,sample.png,251
851,sample,tag,sample.png,7
852,sample,tag,sample.png,6
853,sample,tag,sample.png,230
854,sample,tag,sample.png,68
855,sample,tag,sample.png,133
856,sample,tag,sample.png,259
857,sample,tag,sample.png,298
858,sample,tag,sample.png,276
859,sample,tag,sample.png,82
860,sample,tag,sample.png,105
861,sample,tag,sample.png,283
862,sample,tag,sample.png,4
863,sample,tag,sample.png,146
864,sample,tag,sample.png,130
865,sample,tag,sample.png,72
866,sample,tag,sample.png,264
867,sample,tag,sample.png,266
868,sample,tag,sample.png,65
869,sample,tag,sample.png,162
870,sample,tag,sample.png,170
871,sample,tag,sample.png,115
872,sample,tag,sample.png,74
873,sample,tag,sample.png,58
874,sample,tag,sample.png,166
875,sample,tag,sample.png,300
876,sample,tag,sample.png,44
877,sample,tag,sample.png,24
878,sample,tag,sample.png,58
879,sample,tag,sample.png,278
880,sample,tag,sample.png,264
881,sample,tag,sample.png,45
882,sample,tag,sample.png,142
883,sample,tag,sample.png,216
884,sample,tag,sample.png,91
885,sample,tag,sample.png,247
886,sample,tag,sample.png,188
887,sample,tag,sample.png,141
888,sample,tag,sample.png,151
889,sample,tag,sample.png,45
890,sample,tag,sample.png,206
891,sample,tag,sample.png,273
892,sample,tag,sample.png,260
893,sample,tag,sample.png,71
894,sample,tag,sample.png,1
895,sample,tag,sample.png,283
896,sample,tag,sample.png,7
897,sample,tag,sample.png,31
898,sample,tag,sample.png,197
899,sample,tag,sample.png,44
900,sample,tag,sample.png,39
901,sample,tag,sample.png,274
902,sample,tag,sample.png,22
903,sample,tag,sample.png,134
904,sample,tag,sample.png,253
905,sample,tag,sample.png,221
906,sample,tag,sample.png,204
907,sample,tag,sample.png,194
908,sample,tag,sample.png,3
909,sample,tag,sample.png,298
910,sample,tag,sample.png,3
911,sample,tag,sample.png,269
912,sample,tag,sample.png,11
913,sample,tag,sample.png,261
914,sample,tag,sample.png,153
915,sample,tag,sample.png,254
916,sample,tag,sample.png,3
917,sample,tag,sample.png,230
918,sample,tag,sample.png,272
919,sample,tag,sample.png,83
920,sample,tag,sample.png,183
921,sample,tag,sample.png,186
922,sample,tag,sample.png,161
923,sample,tag,sample.png,179
924,sample,tag,sample.png,218
925,sample,tag,sample.png,254
926,sample,tag,sample.png,217
927,sample,tag,sample.png,236
928,sample,tag,sample.png,247
929,sample,tag,sample.png,280
930,sample,tag,sample.png,175
931,sample,tag,sample.png,145
932,sample,tag,sample.png,13
933,sample,tag,sample.png,272
934,sample,tag,sample.png,67
935,sample,tag,sample.png,202
936,sample,tag,sample.png,248
937,sample,tag,sample.png,259
938,sample,tag,sample.png,88
939,sample,tag,sample.png,105
940,sample,tag,sample.png,130
941,sample,tag,sample.png,110
942,sample,tag,sample.png,8
943,sample,tag,sample.png,24
944,sample,tag,sample.png,284
945,sample,tag,sample.png,160
946,sample,tag,sample.png,235
947,sample,tag,sample.png,252
948,sample,tag,sample.png,147
949,sample,tag,sample.png,271
950,sample,tag,sample.png,199
951,sample,tag,sample.png,70
952,sample,tag,sample.png,178
953,sample,tag,sample.png,258
954,sample,tag,sample.png,161
955,sample,tag,sample.png,181
956,sample,tag,sample.png,18
957,sample,tag,sample.png,212
958,sample,tag,sample.png,32
959,sample,tag,sample.png,228
960,sample,tag,sample.png,39
961,sample,tag,sample.png,99
962,sample,tag,sample.png,110
963,sample,tag,sample.png,102
964,sample,tag,sample.png,286
965,sample,tag,sample.png,186
966,sample,tag,sample.png,175
967,sample,tag,sample.png,72
968,sample,tag,sample.png,181
969,sample,tag,sample.png,218
970,sample,tag,sample.png,282
971,sample,tag,sample.png,117
972,sample,tag,sample.png,34
973,sample,tag,sample.png,209
974,sample,tag,sample.png,174
975,sample,tag,sample.png,286
976,sample,tag,sample.png,199
977,sample,tag,sample.png,174
978,sample,tag,sample.png,193
979,sample,tag,sample.png,121
980,sample,tag,sample.png,126
981,sample,tag,sample.png,243
982,sample,tag,sample.png,222
983,sample,tag,sample.png,268
984,sample,tag,sample.png,292
985,sample,tag,sample.png,203
986,sample,tag,sample.png,192
987,sample,tag,sample.png,222
988,sample,tag,sample.png,197
989,sample,tag,sample.png,105
990,sample,tag,sample.png,178
991,sample,tag,sample.png,122
992,sample,tag,sample.png,148
993,sample,tag,sample.png,15
994,sample,tag,sample.png,34
995,sample,tag,sample.png,68
996,sample,tag,sample.png,294
997,sample,tag,sample.png,100
998,sample,tag,sample.png,221
999,sample,tag,sample.png,135
1000,sample,tag,sample.png,84
