1,gnagle0,$2y$10$LTzb2bdhvZ36asnwznyJleE1BoApclPTCwfi5cbbxxaGMRLp3AOXi,sleyshon0@mysql.com
2,ryockley1,$2y$10$LTzb2bdhvZ36asnwznyJleE1BoApclPTCwfi5cbbxxaGMRLp3AOXi,ebarens1@1688.com
3,dpedersen2,$2y$10$LTzb2bdhvZ36asnwznyJleE1BoApclPTCwfi5cbbxxaGMRLp3AOXi,wcattermull2@slashdot.org
4,kclaybourne3,$2y$10$LTzb2bdhvZ36asnwznyJleE1BoApclPTCwfi5cbbxxaGMRLp3AOXi,nfawthorpe3@photobucket.com
5,cellacott4,$2y$10$LTzb2bdhvZ36asnwznyJleE1BoApclPTCwfi5cbbxxaGMRLp3AOXi,bcallar4@google.com.br
6,ehovie5,$2y$10$LTzb2bdhvZ36asnwznyJleE1BoApclPTCwfi5cbbxxaGMRLp3AOXi,ahartopp5@msu.edu
7,fvanshin6,$2y$10$LTzb2bdhvZ36asnwznyJleE1BoApclPTCwfi5cbbxxaGMRLp3AOXi,dsevitt6@dell.com
8,apraton7,$2y$10$LTzb2bdhvZ36asnwznyJleE1BoApclPTCwfi5cbbxxaGMRLp3AOXi,cjellman7@rakuten.co.jp
9,nscreeton8,$2y$10$LTzb2bdhvZ36asnwznyJleE1BoApclPTCwfi5cbbxxaGMRLp3AOXi,svink8@phoca.cz
10,tlecount9,$2y$10$LTzb2bdhvZ36asnwznyJleE1BoApclPTCwfi5cbbxxaGMRLp3AOXi,jhynde9@whitehouse.gov
11,cszymonia,$2y$10$LTzb2bdhvZ36asnwznyJleE1BoApclPTCwfi5cbbxxaGMRLp3AOXi,tdallana@imgur.com
12,bmogerb,$2y$10$LTzb2bdhvZ36asnwznyJleE1BoApclPTCwfi5cbbxxaGMRLp3AOXi,hharmanb@state.gov
13,dwinsperc,$2y$10$LTzb2bdhvZ36asnwznyJleE1BoApclPTCwfi5cbbxxaGMRLp3AOXi,elacazec@npr.org
14,brotchelld,$2y$10$LTzb2bdhvZ36asnwznyJleE1BoApclPTCwfi5cbbxxaGMRLp3AOXi,rhassalld@pinterest.com
15,pswaite,$2y$10$LTzb2bdhvZ36asnwznyJleE1BoApclPTCwfi5cbbxxaGMRLp3AOXi,uvasileviche@reddit.com
16,kdumingof,$2y$10$LTzb2bdhvZ36asnwznyJleE1BoApclPTCwfi5cbbxxaGMRLp3AOXi,fackroydf@fda.gov
17,dtometg,$2y$10$LTzb2bdhvZ36asnwznyJleE1BoApclPTCwfi5cbbxxaGMRLp3AOXi,wambroisg@jigsy.com
18,astartonh,$2y$10$LTzb2bdhvZ36asnwznyJleE1BoApclPTCwfi5cbbxxaGMRLp3AOXi,mquiddihyh@chicagotribune.com
19,ghenkeri,$2y$10$LTzb2bdhvZ36asnwznyJleE1BoApclPTCwfi5cbbxxaGMRLp3AOXi,rjellmani@unesco.org
20,rmarlandj,$2y$10$LTzb2bdhvZ36asnwznyJleE1BoApclPTCwfi5cbbxxaGMRLp3AOXi,cmiskj@mapquest.com
21,bsifflettk,$2y$10$LTzb2bdhvZ36asnwznyJleE1BoApclPTCwfi5cbbxxaGMRLp3AOXi,kjeffreysk@sfgate.com
22,gclerkl,$2y$10$LTzb2bdhvZ36asnwznyJleE1BoApclPTCwfi5cbbxxaGMRLp3AOXi,fheinleinl@flickr.com
23,cpitcherm,$2y$10$LTzb2bdhvZ36asnwznyJleE1BoApclPTCwfi5cbbxxaGMRLp3AOXi,nkoppesm@redcross.org
24,rsandesn,$2y$10$LTzb2bdhvZ36asnwznyJleE1BoApclPTCwfi5cbbxxaGMRLp3AOXi,cegarn@paginegialle.it
25,smurrello,$2y$10$LTzb2bdhvZ36asnwznyJleE1BoApclPTCwfi5cbbxxaGMRLp3AOXi,dwalrondo@usnews.com
26,hjosefsonp,$2y$10$LTzb2bdhvZ36asnwznyJleE1BoApclPTCwfi5cbbxxaGMRLp3AOXi,bconachyp@senate.gov
27,sfontaineq,$2y$10$LTzb2bdhvZ36asnwznyJleE1BoApclPTCwfi5cbbxxaGMRLp3AOXi,cheaselgraveq@shop-pro.jp
28,miglesiasr,$2y$10$LTzb2bdhvZ36asnwznyJleE1BoApclPTCwfi5cbbxxaGMRLp3AOXi,jgeorginsr@liveinternet.ru
29,pshreevess,$2y$10$LTzb2bdhvZ36asnwznyJleE1BoApclPTCwfi5cbbxxaGMRLp3AOXi,bprobbingss@friendfeed.com
30,ningallt,$2y$10$LTzb2bdhvZ36asnwznyJleE1BoApclPTCwfi5cbbxxaGMRLp3AOXi,tkalet@shinystat.com
31,cstarsmoreu,$2y$10$LTzb2bdhvZ36asnwznyJleE1BoApclPTCwfi5cbbxxaGMRLp3AOXi,jingredau@tuttocitta.it
32,dspillingv,$2y$10$LTzb2bdhvZ36asnwznyJleE1BoApclPTCwfi5cbbxxaGMRLp3AOXi,ilosebiev@ebay.co.uk
33,jmcgourtyw,$2y$10$LTzb2bdhvZ36asnwznyJleE1BoApclPTCwfi5cbbxxaGMRLp3AOXi,cslowgrovew@xrea.com
34,bdowex,$2y$10$LTzb2bdhvZ36asnwznyJleE1BoApclPTCwfi5cbbxxaGMRLp3AOXi,fwinwoodx@bandcamp.com
35,lmathewy,$2y$10$LTzb2bdhvZ36asnwznyJleE1BoApclPTCwfi5cbbxxaGMRLp3AOXi,lweatherupy@google.de
36,wrumkez,$2y$10$LTzb2bdhvZ36asnwznyJleE1BoApclPTCwfi5cbbxxaGMRLp3AOXi,rlillez@bbb.org
37,ablackden10,$2y$10$LTzb2bdhvZ36asnwznyJleE1BoApclPTCwfi5cbbxxaGMRLp3AOXi,cyoselevitch10@go.com
38,mrheaume11,$2y$10$LTzb2bdhvZ36asnwznyJleE1BoApclPTCwfi5cbbxxaGMRLp3AOXi,tfeldheim11@trellian.com
39,hhinckes12,$2y$10$LTzb2bdhvZ36asnwznyJleE1BoApclPTCwfi5cbbxxaGMRLp3AOXi,whedditch12@quantcast.com
40,jgerrans13,$2y$10$LTzb2bdhvZ36asnwznyJleE1BoApclPTCwfi5cbbxxaGMRLp3AOXi,ndafforne13@about.com
41,fsainz14,$2y$10$LTzb2bdhvZ36asnwznyJleE1BoApclPTCwfi5cbbxxaGMRLp3AOXi,cattersoll14@google.co.jp
42,lkopacek15,$2y$10$LTzb2bdhvZ36asnwznyJleE1BoApclPTCwfi5cbbxxaGMRLp3AOXi,ldabes15@telegraph.co.uk
43,lmckeller16,$2y$10$LTzb2bdhvZ36asnwznyJleE1BoApclPTCwfi5cbbxxaGMRLp3AOXi,tviggars16@whitehouse.gov
44,mrobjant17,$2y$10$LTzb2bdhvZ36asnwznyJleE1BoApclPTCwfi5cbbxxaGMRLp3AOXi,fcrichten17@ibm.com
45,eclapperton18,$2y$10$LTzb2bdhvZ36asnwznyJleE1BoApclPTCwfi5cbbxxaGMRLp3AOXi,eospellissey18@house.gov
46,creeve19,$2y$10$LTzb2bdhvZ36asnwznyJleE1BoApclPTCwfi5cbbxxaGMRLp3AOXi,ghabbes19@tumblr.com
47,mplaide1a,$2y$10$LTzb2bdhvZ36asnwznyJleE1BoApclPTCwfi5cbbxxaGMRLp3AOXi,nbillborough1a@de.vu
48,nraddish1b,$2y$10$LTzb2bdhvZ36asnwznyJleE1BoApclPTCwfi5cbbxxaGMRLp3AOXi,eelleyne1b@opera.com
49,adrewet1c,$2y$10$LTzb2bdhvZ36asnwznyJleE1BoApclPTCwfi5cbbxxaGMRLp3AOXi,erubinfeld1c@usgs.gov
50,dbeaney1d,$2y$10$LTzb2bdhvZ36asnwznyJleE1BoApclPTCwfi5cbbxxaGMRLp3AOXi,mmcaster1d@reddit.com
51,arecord1e,$2y$10$LTzb2bdhvZ36asnwznyJleE1BoApclPTCwfi5cbbxxaGMRLp3AOXi,cfrancesch1e@aol.com
52,hprandini1f,$2y$10$LTzb2bdhvZ36asnwznyJleE1BoApclPTCwfi5cbbxxaGMRLp3AOXi,memanson1f@mail.ru
53,kyoungs1g,$2y$10$LTzb2bdhvZ36asnwznyJleE1BoApclPTCwfi5cbbxxaGMRLp3AOXi,dlyness1g@cdc.gov
54,kerridge1h,$2y$10$LTzb2bdhvZ36asnwznyJleE1BoApclPTCwfi5cbbxxaGMRLp3AOXi,apavolini1h@google.it
55,rstuddeard1i,$2y$10$LTzb2bdhvZ36asnwznyJleE1BoApclPTCwfi5cbbxxaGMRLp3AOXi,tcarette1i@uiuc.edu
56,nhembery1j,$2y$10$LTzb2bdhvZ36asnwznyJleE1BoApclPTCwfi5cbbxxaGMRLp3AOXi,lmurty1j@admin.ch
57,apinhorn1k,$2y$10$LTzb2bdhvZ36asnwznyJleE1BoApclPTCwfi5cbbxxaGMRLp3AOXi,bbosson1k@adobe.com
58,sbeaves1l,$2y$10$LTzb2bdhvZ36asnwznyJleE1BoApclPTCwfi5cbbxxaGMRLp3AOXi,ydumblton1l@phoca.cz
59,abenardet1m,$2y$10$LTzb2bdhvZ36asnwznyJleE1BoApclPTCwfi5cbbxxaGMRLp3AOXi,rfairney1m@mediafire.com
60,ktatam1n,$2y$10$LTzb2bdhvZ36asnwznyJleE1BoApclPTCwfi5cbbxxaGMRLp3AOXi,lthorndale1n@bloomberg.com
61,fturley1o,$2y$10$LTzb2bdhvZ36asnwznyJleE1BoApclPTCwfi5cbbxxaGMRLp3AOXi,bstappard1o@berkeley.edu
62,avonwelldun1p,$2y$10$LTzb2bdhvZ36asnwznyJleE1BoApclPTCwfi5cbbxxaGMRLp3AOXi,ckenrack1p@canalblog.com
63,jbernollet1q,$2y$10$LTzb2bdhvZ36asnwznyJleE1BoApclPTCwfi5cbbxxaGMRLp3AOXi,plinkin1q@jugem.jp
64,cwadeling1r,$2y$10$LTzb2bdhvZ36asnwznyJleE1BoApclPTCwfi5cbbxxaGMRLp3AOXi,ekeast1r@angelfire.com
65,jvokins1s,$2y$10$LTzb2bdhvZ36asnwznyJleE1BoApclPTCwfi5cbbxxaGMRLp3AOXi,nrosbrough1s@wikispaces.com
66,rglacken1t,$2y$10$LTzb2bdhvZ36asnwznyJleE1BoApclPTCwfi5cbbxxaGMRLp3AOXi,asandison1t@nhs.uk
67,lwelbelove1u,$2y$10$LTzb2bdhvZ36asnwznyJleE1BoApclPTCwfi5cbbxxaGMRLp3AOXi,chendrikse1u@mac.com
68,ksidwick1v,$2y$10$LTzb2bdhvZ36asnwznyJleE1BoApclPTCwfi5cbbxxaGMRLp3AOXi,drosenqvist1v@networksolutions.com
69,rflaxon1w,$2y$10$LTzb2bdhvZ36asnwznyJleE1BoApclPTCwfi5cbbxxaGMRLp3AOXi,ggallifont1w@eventbrite.com
70,lhealy1x,$2y$10$LTzb2bdhvZ36asnwznyJleE1BoApclPTCwfi5cbbxxaGMRLp3AOXi,aluety1x@naver.com
71,gbleythin1y,$2y$10$LTzb2bdhvZ36asnwznyJleE1BoApclPTCwfi5cbbxxaGMRLp3AOXi,ppernell1y@wired.com
72,achurm1z,$2y$10$LTzb2bdhvZ36asnwznyJleE1BoApclPTCwfi5cbbxxaGMRLp3AOXi,ainstrell1z@newsvine.com
73,npash20,$2y$10$LTzb2bdhvZ36asnwznyJleE1BoApclPTCwfi5cbbxxaGMRLp3AOXi,tbruntje20@disqus.com
74,estrivens21,$2y$10$LTzb2bdhvZ36asnwznyJleE1BoApclPTCwfi5cbbxxaGMRLp3AOXi,lmacgoun21@51.la
75,cplait22,$2y$10$LTzb2bdhvZ36asnwznyJleE1BoApclPTCwfi5cbbxxaGMRLp3AOXi,rgyngyll22@usgs.gov
76,dhammatt23,$2y$10$LTzb2bdhvZ36asnwznyJleE1BoApclPTCwfi5cbbxxaGMRLp3AOXi,ggodlonton23@dailymail.co.uk
77,crawlingson24,$2y$10$LTzb2bdhvZ36asnwznyJleE1BoApclPTCwfi5cbbxxaGMRLp3AOXi,cdefraine24@free.fr
78,gdeane25,$2y$10$LTzb2bdhvZ36asnwznyJleE1BoApclPTCwfi5cbbxxaGMRLp3AOXi,wtyce25@huffingtonpost.com
79,kgraftonherbert26,$2y$10$LTzb2bdhvZ36asnwznyJleE1BoApclPTCwfi5cbbxxaGMRLp3AOXi,jtilley26@ning.com
80,tklewi27,$2y$10$LTzb2bdhvZ36asnwznyJleE1BoApclPTCwfi5cbbxxaGMRLp3AOXi,swilderspoon27@list-manage.com
81,hferreras28,$2y$10$LTzb2bdhvZ36asnwznyJleE1BoApclPTCwfi5cbbxxaGMRLp3AOXi,fcrus28@wp.com
82,ilundie29,$2y$10$LTzb2bdhvZ36asnwznyJleE1BoApclPTCwfi5cbbxxaGMRLp3AOXi,pquaintance29@diigo.com
83,mgoodbourn2a,$2y$10$LTzb2bdhvZ36asnwznyJleE1BoApclPTCwfi5cbbxxaGMRLp3AOXi,fkippling2a@webs.com
84,gmcgourty2b,$2y$10$LTzb2bdhvZ36asnwznyJleE1BoApclPTCwfi5cbbxxaGMRLp3AOXi,jjanas2b@histats.com
85,nwellings2c,$2y$10$LTzb2bdhvZ36asnwznyJleE1BoApclPTCwfi5cbbxxaGMRLp3AOXi,dkenen2c@nasa.gov
86,lsives2d,$2y$10$LTzb2bdhvZ36asnwznyJleE1BoApclPTCwfi5cbbxxaGMRLp3AOXi,sjaye2d@twitter.com
87,jpoel2e,$2y$10$LTzb2bdhvZ36asnwznyJleE1BoApclPTCwfi5cbbxxaGMRLp3AOXi,slangelaan2e@sourceforge.net
88,dsonner2f,$2y$10$LTzb2bdhvZ36asnwznyJleE1BoApclPTCwfi5cbbxxaGMRLp3AOXi,nchatenier2f@photobucket.com
89,wcamilleri2g,$2y$10$LTzb2bdhvZ36asnwznyJleE1BoApclPTCwfi5cbbxxaGMRLp3AOXi,ajoddins2g@theglobeandmail.com
90,jnoor2h,$2y$10$LTzb2bdhvZ36asnwznyJleE1BoApclPTCwfi5cbbxxaGMRLp3AOXi,gcockshut2h@nbcnews.com
91,rgabbetis2i,$2y$10$LTzb2bdhvZ36asnwznyJleE1BoApclPTCwfi5cbbxxaGMRLp3AOXi,cgoulbourne2i@mapy.cz
92,atixall2j,$2y$10$LTzb2bdhvZ36asnwznyJleE1BoApclPTCwfi5cbbxxaGMRLp3AOXi,srumbold2j@linkedin.com
93,zhaggerty2k,$2y$10$LTzb2bdhvZ36asnwznyJleE1BoApclPTCwfi5cbbxxaGMRLp3AOXi,obehnecken2k@weibo.com
94,lspalding2l,$2y$10$LTzb2bdhvZ36asnwznyJleE1BoApclPTCwfi5cbbxxaGMRLp3AOXi,imuffen2l@soup.io
95,golenikov2m,$2y$10$LTzb2bdhvZ36asnwznyJleE1BoApclPTCwfi5cbbxxaGMRLp3AOXi,mkondratenya2m@pinterest.com
96,shaire2n,$2y$10$LTzb2bdhvZ36asnwznyJleE1BoApclPTCwfi5cbbxxaGMRLp3AOXi,ctumielli2n@yellowbook.com
97,olaye2o,$2y$10$LTzb2bdhvZ36asnwznyJleE1BoApclPTCwfi5cbbxxaGMRLp3AOXi,lmcilmurray2o@bbb.org
98,tloiterton2p,$2y$10$LTzb2bdhvZ36asnwznyJleE1BoApclPTCwfi5cbbxxaGMRLp3AOXi,lburrass2p@apache.org
99,leilhart2q,$2y$10$LTzb2bdhvZ36asnwznyJleE1BoApclPTCwfi5cbbxxaGMRLp3AOXi,lfuchs2q@nih.gov
100,vcordero2r,$2y$10$LTzb2bdhvZ36asnwznyJleE1BoApclPTCwfi5cbbxxaGMRLp3AOXi,dserck2r@free.fr
101,rcalcraft2s,$2y$10$LTzb2bdhvZ36asnwznyJleE1BoApclPTCwfi5cbbxxaGMRLp3AOXi,nferne2s@shinystat.com
102,gwildey2t,$2y$10$LTzb2bdhvZ36asnwznyJleE1BoApclPTCwfi5cbbxxaGMRLp3AOXi,mwitchell2t@google.co.jp
103,djakubovics2u,$2y$10$LTzb2bdhvZ36asnwznyJleE1BoApclPTCwfi5cbbxxaGMRLp3AOXi,cbartot2u@csmonitor.com
104,rpiercey2v,$2y$10$LTzb2bdhvZ36asnwznyJleE1BoApclPTCwfi5cbbxxaGMRLp3AOXi,ldahlbom2v@walmart.com
105,zsanderson2w,$2y$10$LTzb2bdhvZ36asnwznyJleE1BoApclPTCwfi5cbbxxaGMRLp3AOXi,sbown2w@nyu.edu
106,cgreenroa2x,$2y$10$LTzb2bdhvZ36asnwznyJleE1BoApclPTCwfi5cbbxxaGMRLp3AOXi,hrae2x@github.com
107,mpeabody2y,$2y$10$LTzb2bdhvZ36asnwznyJleE1BoApclPTCwfi5cbbxxaGMRLp3AOXi,fegginton2y@pcworld.com
108,bbreed2z,$2y$10$LTzb2bdhvZ36asnwznyJleE1BoApclPTCwfi5cbbxxaGMRLp3AOXi,gbicker2z@last.fm
109,ufradgley30,$2y$10$LTzb2bdhvZ36asnwznyJleE1BoApclPTCwfi5cbbxxaGMRLp3AOXi,mmowat30@chicagotribune.com
110,tcarrigan31,$2y$10$LTzb2bdhvZ36asnwznyJleE1BoApclPTCwfi5cbbxxaGMRLp3AOXi,mmarielle31@cam.ac.uk
111,jivett32,$2y$10$LTzb2bdhvZ36asnwznyJleE1BoApclPTCwfi5cbbxxaGMRLp3AOXi,bcamerana32@newsvine.com
112,sgarrioch33,$2y$10$LTzb2bdhvZ36asnwznyJleE1BoApclPTCwfi5cbbxxaGMRLp3AOXi,shamments33@is.gd
113,kricco34,$2y$10$LTzb2bdhvZ36asnwznyJleE1BoApclPTCwfi5cbbxxaGMRLp3AOXi,sjarrel34@bbb.org
114,mworton35,$2y$10$LTzb2bdhvZ36asnwznyJleE1BoApclPTCwfi5cbbxxaGMRLp3AOXi,llawtie35@cam.ac.uk
115,jcota36,$2y$10$LTzb2bdhvZ36asnwznyJleE1BoApclPTCwfi5cbbxxaGMRLp3AOXi,lmacwhirter36@webs.com
116,egremane37,$2y$10$LTzb2bdhvZ36asnwznyJleE1BoApclPTCwfi5cbbxxaGMRLp3AOXi,alowell37@apple.com
117,nfarres38,$2y$10$LTzb2bdhvZ36asnwznyJleE1BoApclPTCwfi5cbbxxaGMRLp3AOXi,scruz38@unesco.org
118,vhaylands39,$2y$10$LTzb2bdhvZ36asnwznyJleE1BoApclPTCwfi5cbbxxaGMRLp3AOXi,spennino39@spiegel.de
119,lmucklow3a,$2y$10$LTzb2bdhvZ36asnwznyJleE1BoApclPTCwfi5cbbxxaGMRLp3AOXi,nheinish3a@vkontakte.ru
120,aateridge3b,$2y$10$LTzb2bdhvZ36asnwznyJleE1BoApclPTCwfi5cbbxxaGMRLp3AOXi,apostin3b@about.me
121,cscahill3c,$2y$10$LTzb2bdhvZ36asnwznyJleE1BoApclPTCwfi5cbbxxaGMRLp3AOXi,efishly3c@google.ru
122,moaks3d,$2y$10$LTzb2bdhvZ36asnwznyJleE1BoApclPTCwfi5cbbxxaGMRLp3AOXi,vruby3d@vinaora.com
123,gmaughan3e,$2y$10$LTzb2bdhvZ36asnwznyJleE1BoApclPTCwfi5cbbxxaGMRLp3AOXi,idagger3e@freewebs.com
124,nholcroft3f,$2y$10$LTzb2bdhvZ36asnwznyJleE1BoApclPTCwfi5cbbxxaGMRLp3AOXi,sdooly3f@rakuten.co.jp
125,kgrouvel3g,$2y$10$LTzb2bdhvZ36asnwznyJleE1BoApclPTCwfi5cbbxxaGMRLp3AOXi,tmitie3g@wisc.edu
126,lcota3h,$2y$10$LTzb2bdhvZ36asnwznyJleE1BoApclPTCwfi5cbbxxaGMRLp3AOXi,mwiley3h@ovh.net
127,sdyter3i,$2y$10$LTzb2bdhvZ36asnwznyJleE1BoApclPTCwfi5cbbxxaGMRLp3AOXi,cfisbburne3i@who.int
128,emandell3j,$2y$10$LTzb2bdhvZ36asnwznyJleE1BoApclPTCwfi5cbbxxaGMRLp3AOXi,skepling3j@spotify.com
129,awimp3k,$2y$10$LTzb2bdhvZ36asnwznyJleE1BoApclPTCwfi5cbbxxaGMRLp3AOXi,qdallosso3k@ebay.com
130,vdayborne3l,$2y$10$LTzb2bdhvZ36asnwznyJleE1BoApclPTCwfi5cbbxxaGMRLp3AOXi,esarle3l@stanford.edu
131,icrump3m,$2y$10$LTzb2bdhvZ36asnwznyJleE1BoApclPTCwfi5cbbxxaGMRLp3AOXi,mbilston3m@unc.edu
132,cgiddins3n,$2y$10$LTzb2bdhvZ36asnwznyJleE1BoApclPTCwfi5cbbxxaGMRLp3AOXi,veldrett3n@si.edu
133,rbeardmore3o,$2y$10$LTzb2bdhvZ36asnwznyJleE1BoApclPTCwfi5cbbxxaGMRLp3AOXi,mabbitt3o@biglobe.ne.jp
134,larthurs3p,$2y$10$LTzb2bdhvZ36asnwznyJleE1BoApclPTCwfi5cbbxxaGMRLp3AOXi,aedington3p@si.edu
135,dhickford3q,$2y$10$LTzb2bdhvZ36asnwznyJleE1BoApclPTCwfi5cbbxxaGMRLp3AOXi,mabbots3q@google.fr
136,cgreenrod3r,$2y$10$LTzb2bdhvZ36asnwznyJleE1BoApclPTCwfi5cbbxxaGMRLp3AOXi,omellmoth3r@pen.io
137,wmaylor3s,$2y$10$LTzb2bdhvZ36asnwznyJleE1BoApclPTCwfi5cbbxxaGMRLp3AOXi,tduer3s@admin.ch
138,mmathivet3t,$2y$10$LTzb2bdhvZ36asnwznyJleE1BoApclPTCwfi5cbbxxaGMRLp3AOXi,lmaccarter3t@geocities.jp
139,pbanting3u,$2y$10$LTzb2bdhvZ36asnwznyJleE1BoApclPTCwfi5cbbxxaGMRLp3AOXi,mmassie3u@umich.edu
140,asouness3v,$2y$10$LTzb2bdhvZ36asnwznyJleE1BoApclPTCwfi5cbbxxaGMRLp3AOXi,hivimy3v@answers.com
141,pgarmey3w,$2y$10$LTzb2bdhvZ36asnwznyJleE1BoApclPTCwfi5cbbxxaGMRLp3AOXi,mgiorgetti3w@theglobeandmail.com
142,cdooman3x,$2y$10$LTzb2bdhvZ36asnwznyJleE1BoApclPTCwfi5cbbxxaGMRLp3AOXi,bfavey3x@nsw.gov.au
143,rgidman3y,$2y$10$LTzb2bdhvZ36asnwznyJleE1BoApclPTCwfi5cbbxxaGMRLp3AOXi,gdecruz3y@booking.com
144,fpaulet3z,$2y$10$LTzb2bdhvZ36asnwznyJleE1BoApclPTCwfi5cbbxxaGMRLp3AOXi,jivasyushkin3z@cbslocal.com
145,mfarey40,$2y$10$LTzb2bdhvZ36asnwznyJleE1BoApclPTCwfi5cbbxxaGMRLp3AOXi,rlamlin40@vk.com
146,btabor41,$2y$10$LTzb2bdhvZ36asnwznyJleE1BoApclPTCwfi5cbbxxaGMRLp3AOXi,cbollands41@hc360.com
147,zsayward42,$2y$10$LTzb2bdhvZ36asnwznyJleE1BoApclPTCwfi5cbbxxaGMRLp3AOXi,hrastrick42@techcrunch.com
148,tbrimmell43,$2y$10$LTzb2bdhvZ36asnwznyJleE1BoApclPTCwfi5cbbxxaGMRLp3AOXi,ajillions43@github.com
149,dbeddows44,$2y$10$LTzb2bdhvZ36asnwznyJleE1BoApclPTCwfi5cbbxxaGMRLp3AOXi,ccashford44@tripadvisor.com
150,gshepley45,$2y$10$LTzb2bdhvZ36asnwznyJleE1BoApclPTCwfi5cbbxxaGMRLp3AOXi,pgarrioch45@blogspot.com
151,abruff46,$2y$10$LTzb2bdhvZ36asnwznyJleE1BoApclPTCwfi5cbbxxaGMRLp3AOXi,nneagle46@hatena.ne.jp
152,aleaning47,$2y$10$LTzb2bdhvZ36asnwznyJleE1BoApclPTCwfi5cbbxxaGMRLp3AOXi,kscawen47@com.com
153,greape48,$2y$10$LTzb2bdhvZ36asnwznyJleE1BoApclPTCwfi5cbbxxaGMRLp3AOXi,jsimonazzi48@cargocollective.com
154,lbuffery49,$2y$10$LTzb2bdhvZ36asnwznyJleE1BoApclPTCwfi5cbbxxaGMRLp3AOXi,jpugh49@blinklist.com
155,bfriberg4a,$2y$10$LTzb2bdhvZ36asnwznyJleE1BoApclPTCwfi5cbbxxaGMRLp3AOXi,rpaxforde4a@mit.edu
156,ttytterton4b,$2y$10$LTzb2bdhvZ36asnwznyJleE1BoApclPTCwfi5cbbxxaGMRLp3AOXi,tnutten4b@java.com
157,pshowalter4c,$2y$10$LTzb2bdhvZ36asnwznyJleE1BoApclPTCwfi5cbbxxaGMRLp3AOXi,agarmans4c@simplemachines.org
158,sfinicj4d,$2y$10$LTzb2bdhvZ36asnwznyJleE1BoApclPTCwfi5cbbxxaGMRLp3AOXi,nkares4d@newsvine.com
159,pbowdidge4e,$2y$10$LTzb2bdhvZ36asnwznyJleE1BoApclPTCwfi5cbbxxaGMRLp3AOXi,ckender4e@4shared.com
160,igoldstraw4f,$2y$10$LTzb2bdhvZ36asnwznyJleE1BoApclPTCwfi5cbbxxaGMRLp3AOXi,mfleckney4f@craigslist.org
161,fdonizeau4g,$2y$10$LTzb2bdhvZ36asnwznyJleE1BoApclPTCwfi5cbbxxaGMRLp3AOXi,jdavisson4g@google.com.br
162,jboyington4h,$2y$10$LTzb2bdhvZ36asnwznyJleE1BoApclPTCwfi5cbbxxaGMRLp3AOXi,tbenedetti4h@youtu.be
163,hfrankham4i,$2y$10$LTzb2bdhvZ36asnwznyJleE1BoApclPTCwfi5cbbxxaGMRLp3AOXi,ebannester4i@va.gov
164,ccrassweller4j,$2y$10$LTzb2bdhvZ36asnwznyJleE1BoApclPTCwfi5cbbxxaGMRLp3AOXi,sattac4j@independent.co.uk
165,cthroughton4k,$2y$10$LTzb2bdhvZ36asnwznyJleE1BoApclPTCwfi5cbbxxaGMRLp3AOXi,gmaria4k@sciencedaily.com
166,sproschke4l,$2y$10$LTzb2bdhvZ36asnwznyJleE1BoApclPTCwfi5cbbxxaGMRLp3AOXi,apetzolt4l@tamu.edu
167,kgaythwaite4m,$2y$10$LTzb2bdhvZ36asnwznyJleE1BoApclPTCwfi5cbbxxaGMRLp3AOXi,ealeavy4m@bluehost.com
168,bcreany4n,$2y$10$LTzb2bdhvZ36asnwznyJleE1BoApclPTCwfi5cbbxxaGMRLp3AOXi,dwoolrich4n@sbwire.com
169,dpiscotti4o,$2y$10$LTzb2bdhvZ36asnwznyJleE1BoApclPTCwfi5cbbxxaGMRLp3AOXi,detchells4o@pbs.org
170,ghandrock4p,$2y$10$LTzb2bdhvZ36asnwznyJleE1BoApclPTCwfi5cbbxxaGMRLp3AOXi,brylatt4p@google.com
171,ncaulliere4q,$2y$10$LTzb2bdhvZ36asnwznyJleE1BoApclPTCwfi5cbbxxaGMRLp3AOXi,vlampitt4q@ifeng.com
172,vpasque4r,$2y$10$LTzb2bdhvZ36asnwznyJleE1BoApclPTCwfi5cbbxxaGMRLp3AOXi,hfetherstone4r@cdc.gov
173,crope4s,$2y$10$LTzb2bdhvZ36asnwznyJleE1BoApclPTCwfi5cbbxxaGMRLp3AOXi,ppestor4s@cornell.edu
174,glouder4t,$2y$10$LTzb2bdhvZ36asnwznyJleE1BoApclPTCwfi5cbbxxaGMRLp3AOXi,acaldayrou4t@cam.ac.uk
175,rcassius4u,$2y$10$LTzb2bdhvZ36asnwznyJleE1BoApclPTCwfi5cbbxxaGMRLp3AOXi,rrussel4u@joomla.org
176,kcroke4v,$2y$10$LTzb2bdhvZ36asnwznyJleE1BoApclPTCwfi5cbbxxaGMRLp3AOXi,gjosefovic4v@nifty.com
177,cviveash4w,$2y$10$LTzb2bdhvZ36asnwznyJleE1BoApclPTCwfi5cbbxxaGMRLp3AOXi,cwarde4w@instagram.com
178,lantoniades4x,$2y$10$LTzb2bdhvZ36asnwznyJleE1BoApclPTCwfi5cbbxxaGMRLp3AOXi,atobias4x@europa.eu
179,bmccarlich4y,$2y$10$LTzb2bdhvZ36asnwznyJleE1BoApclPTCwfi5cbbxxaGMRLp3AOXi,swoolham4y@umich.edu
180,sbucklee4z,$2y$10$LTzb2bdhvZ36asnwznyJleE1BoApclPTCwfi5cbbxxaGMRLp3AOXi,cwills4z@ihg.com
181,ilardeur50,$2y$10$LTzb2bdhvZ36asnwznyJleE1BoApclPTCwfi5cbbxxaGMRLp3AOXi,tneagle50@disqus.com
182,wfibbings51,$2y$10$LTzb2bdhvZ36asnwznyJleE1BoApclPTCwfi5cbbxxaGMRLp3AOXi,klipprose51@wunderground.com
183,cnorval52,$2y$10$LTzb2bdhvZ36asnwznyJleE1BoApclPTCwfi5cbbxxaGMRLp3AOXi,erobillard52@amazon.co.jp
184,lchilvers53,$2y$10$LTzb2bdhvZ36asnwznyJleE1BoApclPTCwfi5cbbxxaGMRLp3AOXi,lbuncombe53@aol.com
185,fschmidt54,$2y$10$LTzb2bdhvZ36asnwznyJleE1BoApclPTCwfi5cbbxxaGMRLp3AOXi,rwoolward54@youku.com
186,jstowgill55,$2y$10$LTzb2bdhvZ36asnwznyJleE1BoApclPTCwfi5cbbxxaGMRLp3AOXi,mpedican55@netlog.com
187,ebelson56,$2y$10$LTzb2bdhvZ36asnwznyJleE1BoApclPTCwfi5cbbxxaGMRLp3AOXi,pivanisov56@slate.com
188,nroscoe57,$2y$10$LTzb2bdhvZ36asnwznyJleE1BoApclPTCwfi5cbbxxaGMRLp3AOXi,bkliemchen57@nps.gov
189,adarben58,$2y$10$LTzb2bdhvZ36asnwznyJleE1BoApclPTCwfi5cbbxxaGMRLp3AOXi,fcool58@msu.edu
190,craleston59,$2y$10$LTzb2bdhvZ36asnwznyJleE1BoApclPTCwfi5cbbxxaGMRLp3AOXi,dbunney59@gizmodo.com
191,tarundel5a,$2y$10$LTzb2bdhvZ36asnwznyJleE1BoApclPTCwfi5cbbxxaGMRLp3AOXi,strimmell5a@cbsnews.com
192,sleaton5b,$2y$10$LTzb2bdhvZ36asnwznyJleE1BoApclPTCwfi5cbbxxaGMRLp3AOXi,ytrill5b@timesonline.co.uk
193,orubury5c,$2y$10$LTzb2bdhvZ36asnwznyJleE1BoApclPTCwfi5cbbxxaGMRLp3AOXi,cklambt5c@usgs.gov
194,ooakley5d,$2y$10$LTzb2bdhvZ36asnwznyJleE1BoApclPTCwfi5cbbxxaGMRLp3AOXi,bschimon5d@skyrock.com
195,mbodycote5e,$2y$10$LTzb2bdhvZ36asnwznyJleE1BoApclPTCwfi5cbbxxaGMRLp3AOXi,abrager5e@facebook.com
196,gdemcak5f,$2y$10$LTzb2bdhvZ36asnwznyJleE1BoApclPTCwfi5cbbxxaGMRLp3AOXi,cpesic5f@youtu.be
197,hdoumerc5g,$2y$10$LTzb2bdhvZ36asnwznyJleE1BoApclPTCwfi5cbbxxaGMRLp3AOXi,bseif5g@shutterfly.com
198,bbrowett5h,$2y$10$LTzb2bdhvZ36asnwznyJleE1BoApclPTCwfi5cbbxxaGMRLp3AOXi,kwatkiss5h@imageshack.us
199,mdionisetto5i,$2y$10$LTzb2bdhvZ36asnwznyJleE1BoApclPTCwfi5cbbxxaGMRLp3AOXi,yburthom5i@tinypic.com
200,ljewel5j,$2y$10$LTzb2bdhvZ36asnwznyJleE1BoApclPTCwfi5cbbxxaGMRLp3AOXi,mstandley5j@globo.com
201,vbarchrameev5k,$2y$10$LTzb2bdhvZ36asnwznyJleE1BoApclPTCwfi5cbbxxaGMRLp3AOXi,cinchan5k@desdev.cn
202,dmacnish5l,$2y$10$LTzb2bdhvZ36asnwznyJleE1BoApclPTCwfi5cbbxxaGMRLp3AOXi,sembra5l@joomla.org
203,alermouth5m,$2y$10$LTzb2bdhvZ36asnwznyJleE1BoApclPTCwfi5cbbxxaGMRLp3AOXi,aspottiswood5m@yolasite.com
204,mblakeley5n,$2y$10$LTzb2bdhvZ36asnwznyJleE1BoApclPTCwfi5cbbxxaGMRLp3AOXi,livanov5n@mediafire.com
205,vharden5o,$2y$10$LTzb2bdhvZ36asnwznyJleE1BoApclPTCwfi5cbbxxaGMRLp3AOXi,mcouve5o@wix.com
206,ihandaside5p,$2y$10$LTzb2bdhvZ36asnwznyJleE1BoApclPTCwfi5cbbxxaGMRLp3AOXi,wrodinger5p@hud.gov
207,tfarley5q,$2y$10$LTzb2bdhvZ36asnwznyJleE1BoApclPTCwfi5cbbxxaGMRLp3AOXi,hstearne5q@storify.com
208,cduding5r,$2y$10$LTzb2bdhvZ36asnwznyJleE1BoApclPTCwfi5cbbxxaGMRLp3AOXi,ffoulis5r@fotki.com
209,jtilliard5s,$2y$10$LTzb2bdhvZ36asnwznyJleE1BoApclPTCwfi5cbbxxaGMRLp3AOXi,ebelison5s@stumbleupon.com
210,tmourbey5t,$2y$10$LTzb2bdhvZ36asnwznyJleE1BoApclPTCwfi5cbbxxaGMRLp3AOXi,fzealander5t@blinklist.com
211,vkisbey5u,$2y$10$LTzb2bdhvZ36asnwznyJleE1BoApclPTCwfi5cbbxxaGMRLp3AOXi,mseemmonds5u@so-net.ne.jp
212,areams5v,$2y$10$LTzb2bdhvZ36asnwznyJleE1BoApclPTCwfi5cbbxxaGMRLp3AOXi,rslafford5v@soundcloud.com
213,cblackmuir5w,$2y$10$LTzb2bdhvZ36asnwznyJleE1BoApclPTCwfi5cbbxxaGMRLp3AOXi,kklassman5w@1688.com
214,tmcguiness5x,$2y$10$LTzb2bdhvZ36asnwznyJleE1BoApclPTCwfi5cbbxxaGMRLp3AOXi,chaimes5x@mac.com
215,cdulinty5y,$2y$10$LTzb2bdhvZ36asnwznyJleE1BoApclPTCwfi5cbbxxaGMRLp3AOXi,sinnocent5y@taobao.com
216,rhacket5z,$2y$10$LTzb2bdhvZ36asnwznyJleE1BoApclPTCwfi5cbbxxaGMRLp3AOXi,tbezemer5z@slideshare.net
217,vwetter60,$2y$10$LTzb2bdhvZ36asnwznyJleE1BoApclPTCwfi5cbbxxaGMRLp3AOXi,mluigi60@state.tx.us
218,sscrigmour61,$2y$10$LTzb2bdhvZ36asnwznyJleE1BoApclPTCwfi5cbbxxaGMRLp3AOXi,hlugden61@w3.org
219,hwebby62,$2y$10$LTzb2bdhvZ36asnwznyJleE1BoApclPTCwfi5cbbxxaGMRLp3AOXi,jtoffoloni62@mayoclinic.com
220,vmotherwell63,$2y$10$LTzb2bdhvZ36asnwznyJleE1BoApclPTCwfi5cbbxxaGMRLp3AOXi,cdimmne63@npr.org
221,cscyone64,$2y$10$LTzb2bdhvZ36asnwznyJleE1BoApclPTCwfi5cbbxxaGMRLp3AOXi,kdairton64@mapy.cz
222,gthyng65,$2y$10$LTzb2bdhvZ36asnwznyJleE1BoApclPTCwfi5cbbxxaGMRLp3AOXi,amelendez65@si.edu
223,cesch66,$2y$10$LTzb2bdhvZ36asnwznyJleE1BoApclPTCwfi5cbbxxaGMRLp3AOXi,kbennen66@dailymotion.com
224,whurton67,$2y$10$LTzb2bdhvZ36asnwznyJleE1BoApclPTCwfi5cbbxxaGMRLp3AOXi,mmoughton67@kickstarter.com
225,jeversfield68,$2y$10$LTzb2bdhvZ36asnwznyJleE1BoApclPTCwfi5cbbxxaGMRLp3AOXi,sprothero68@wiley.com
226,lspadelli69,$2y$10$LTzb2bdhvZ36asnwznyJleE1BoApclPTCwfi5cbbxxaGMRLp3AOXi,rcallingham69@foxnews.com
227,rmadre6a,$2y$10$LTzb2bdhvZ36asnwznyJleE1BoApclPTCwfi5cbbxxaGMRLp3AOXi,grusso6a@goo.ne.jp
228,sguenther6b,$2y$10$LTzb2bdhvZ36asnwznyJleE1BoApclPTCwfi5cbbxxaGMRLp3AOXi,hjan6b@mit.edu
229,sthayre6c,$2y$10$LTzb2bdhvZ36asnwznyJleE1BoApclPTCwfi5cbbxxaGMRLp3AOXi,gkuhnel6c@google.com
230,adurtnell6d,$2y$10$LTzb2bdhvZ36asnwznyJleE1BoApclPTCwfi5cbbxxaGMRLp3AOXi,gbracco6d@ftc.gov
231,hhinge6e,$2y$10$LTzb2bdhvZ36asnwznyJleE1BoApclPTCwfi5cbbxxaGMRLp3AOXi,awoolveridge6e@cyberchimps.com
232,dmohamed6f,$2y$10$LTzb2bdhvZ36asnwznyJleE1BoApclPTCwfi5cbbxxaGMRLp3AOXi,jluxon6f@ehow.com
233,fpendreigh6g,$2y$10$LTzb2bdhvZ36asnwznyJleE1BoApclPTCwfi5cbbxxaGMRLp3AOXi,vhallgough6g@flickr.com
234,thurll6h,$2y$10$LTzb2bdhvZ36asnwznyJleE1BoApclPTCwfi5cbbxxaGMRLp3AOXi,pcoopey6h@mlb.com
235,ddeneve6i,$2y$10$LTzb2bdhvZ36asnwznyJleE1BoApclPTCwfi5cbbxxaGMRLp3AOXi,iclother6i@oracle.com
236,dmccloughlin6j,$2y$10$LTzb2bdhvZ36asnwznyJleE1BoApclPTCwfi5cbbxxaGMRLp3AOXi,dberdale6j@ning.com
237,lcowtherd6k,$2y$10$LTzb2bdhvZ36asnwznyJleE1BoApclPTCwfi5cbbxxaGMRLp3AOXi,pmcaw6k@yahoo.co.jp
238,kellum6l,$2y$10$LTzb2bdhvZ36asnwznyJleE1BoApclPTCwfi5cbbxxaGMRLp3AOXi,fcarnow6l@ucoz.ru
239,tenderby6m,$2y$10$LTzb2bdhvZ36asnwznyJleE1BoApclPTCwfi5cbbxxaGMRLp3AOXi,rbessey6m@nasa.gov
240,oharbour6n,$2y$10$LTzb2bdhvZ36asnwznyJleE1BoApclPTCwfi5cbbxxaGMRLp3AOXi,nwiersma6n@cbslocal.com
241,dnoble6o,$2y$10$LTzb2bdhvZ36asnwznyJleE1BoApclPTCwfi5cbbxxaGMRLp3AOXi,ttummons6o@studiopress.com
242,dgreystoke6p,$2y$10$LTzb2bdhvZ36asnwznyJleE1BoApclPTCwfi5cbbxxaGMRLp3AOXi,ebenedtti6p@wp.com
243,sbransdon6q,$2y$10$LTzb2bdhvZ36asnwznyJleE1BoApclPTCwfi5cbbxxaGMRLp3AOXi,ecattenach6q@hugedomains.com
244,eandreutti6r,$2y$10$LTzb2bdhvZ36asnwznyJleE1BoApclPTCwfi5cbbxxaGMRLp3AOXi,ballott6r@biblegateway.com
245,earonstam6s,$2y$10$LTzb2bdhvZ36asnwznyJleE1BoApclPTCwfi5cbbxxaGMRLp3AOXi,ddefont6s@buzzfeed.com
246,crohan6t,$2y$10$LTzb2bdhvZ36asnwznyJleE1BoApclPTCwfi5cbbxxaGMRLp3AOXi,kdeyes6t@blogtalkradio.com
247,ymacmanus6u,$2y$10$LTzb2bdhvZ36asnwznyJleE1BoApclPTCwfi5cbbxxaGMRLp3AOXi,bwanderschek6u@geocities.com
248,ggrinishin6v,$2y$10$LTzb2bdhvZ36asnwznyJleE1BoApclPTCwfi5cbbxxaGMRLp3AOXi,skrzyzowski6v@dropbox.com
249,jperring6w,$2y$10$LTzb2bdhvZ36asnwznyJleE1BoApclPTCwfi5cbbxxaGMRLp3AOXi,aalway6w@sogou.com
250,saloigi6x,$2y$10$LTzb2bdhvZ36asnwznyJleE1BoApclPTCwfi5cbbxxaGMRLp3AOXi,achristophersen6x@deliciousdays.com
251,kbaxter6y,$2y$10$LTzb2bdhvZ36asnwznyJleE1BoApclPTCwfi5cbbxxaGMRLp3AOXi,rcroix6y@sbwire.com
252,wlicas6z,$2y$10$LTzb2bdhvZ36asnwznyJleE1BoApclPTCwfi5cbbxxaGMRLp3AOXi,agoodings6z@sina.com.cn
253,ccutteridge70,$2y$10$LTzb2bdhvZ36asnwznyJleE1BoApclPTCwfi5cbbxxaGMRLp3AOXi,apinnion70@jigsy.com
254,jchasney71,$2y$10$LTzb2bdhvZ36asnwznyJleE1BoApclPTCwfi5cbbxxaGMRLp3AOXi,rdhooge71@smugmug.com
255,lhamblen72,$2y$10$LTzb2bdhvZ36asnwznyJleE1BoApclPTCwfi5cbbxxaGMRLp3AOXi,acolam72@altervista.org
256,hbreffit73,$2y$10$LTzb2bdhvZ36asnwznyJleE1BoApclPTCwfi5cbbxxaGMRLp3AOXi,fdurran73@themeforest.net
257,emaxsted74,$2y$10$LTzb2bdhvZ36asnwznyJleE1BoApclPTCwfi5cbbxxaGMRLp3AOXi,egarrigan74@ucsd.edu
258,gfibbit75,$2y$10$LTzb2bdhvZ36asnwznyJleE1BoApclPTCwfi5cbbxxaGMRLp3AOXi,iaylmore75@dell.com
259,cbenthall76,$2y$10$LTzb2bdhvZ36asnwznyJleE1BoApclPTCwfi5cbbxxaGMRLp3AOXi,avescovini76@intel.com
260,tedworthie77,$2y$10$LTzb2bdhvZ36asnwznyJleE1BoApclPTCwfi5cbbxxaGMRLp3AOXi,amacdonogh77@wordpress.org
261,kkleewein78,$2y$10$LTzb2bdhvZ36asnwznyJleE1BoApclPTCwfi5cbbxxaGMRLp3AOXi,wsiviour78@usgs.gov
262,wchesswas79,$2y$10$LTzb2bdhvZ36asnwznyJleE1BoApclPTCwfi5cbbxxaGMRLp3AOXi,dhurrion79@soundcloud.com
263,sgallihawk7a,$2y$10$LTzb2bdhvZ36asnwznyJleE1BoApclPTCwfi5cbbxxaGMRLp3AOXi,ntiery7a@buzzfeed.com
264,pdeblasi7b,$2y$10$LTzb2bdhvZ36asnwznyJleE1BoApclPTCwfi5cbbxxaGMRLp3AOXi,hcolles7b@csmonitor.com
265,jlundy7c,$2y$10$LTzb2bdhvZ36asnwznyJleE1BoApclPTCwfi5cbbxxaGMRLp3AOXi,wdanigel7c@ebay.com
266,nhowlings7d,$2y$10$LTzb2bdhvZ36asnwznyJleE1BoApclPTCwfi5cbbxxaGMRLp3AOXi,rmedler7d@princeton.edu
267,ycassely7e,$2y$10$LTzb2bdhvZ36asnwznyJleE1BoApclPTCwfi5cbbxxaGMRLp3AOXi,bbusek7e@youku.com
268,owolseley7f,$2y$10$LTzb2bdhvZ36asnwznyJleE1BoApclPTCwfi5cbbxxaGMRLp3AOXi,bholborn7f@bloglovin.com
269,wdevita7g,$2y$10$LTzb2bdhvZ36asnwznyJleE1BoApclPTCwfi5cbbxxaGMRLp3AOXi,dupsale7g@soup.io
270,mferrieri7h,$2y$10$LTzb2bdhvZ36asnwznyJleE1BoApclPTCwfi5cbbxxaGMRLp3AOXi,nlainge7h@jugem.jp
271,edericot7i,$2y$10$LTzb2bdhvZ36asnwznyJleE1BoApclPTCwfi5cbbxxaGMRLp3AOXi,bpartington7i@sbwire.com
272,dchopping7j,$2y$10$LTzb2bdhvZ36asnwznyJleE1BoApclPTCwfi5cbbxxaGMRLp3AOXi,sfitkin7j@wsj.com
273,gswains7k,$2y$10$LTzb2bdhvZ36asnwznyJleE1BoApclPTCwfi5cbbxxaGMRLp3AOXi,rmegroff7k@sina.com.cn
274,ejagger7l,$2y$10$LTzb2bdhvZ36asnwznyJleE1BoApclPTCwfi5cbbxxaGMRLp3AOXi,ryaxley7l@apple.com
275,rmillions7m,$2y$10$LTzb2bdhvZ36asnwznyJleE1BoApclPTCwfi5cbbxxaGMRLp3AOXi,hbrundle7m@bbc.co.uk
276,spickard7n,$2y$10$LTzb2bdhvZ36asnwznyJleE1BoApclPTCwfi5cbbxxaGMRLp3AOXi,amelson7n@upenn.edu
277,bbrant7o,$2y$10$LTzb2bdhvZ36asnwznyJleE1BoApclPTCwfi5cbbxxaGMRLp3AOXi,tmiddlewick7o@eventbrite.com
278,mfrancis7p,$2y$10$LTzb2bdhvZ36asnwznyJleE1BoApclPTCwfi5cbbxxaGMRLp3AOXi,darmall7p@icio.us
279,kgibbett7q,$2y$10$LTzb2bdhvZ36asnwznyJleE1BoApclPTCwfi5cbbxxaGMRLp3AOXi,nalejandro7q@imgur.com
280,jpaffley7r,$2y$10$LTzb2bdhvZ36asnwznyJleE1BoApclPTCwfi5cbbxxaGMRLp3AOXi,ljack7r@photobucket.com
281,aashtonhurst7s,$2y$10$LTzb2bdhvZ36asnwznyJleE1BoApclPTCwfi5cbbxxaGMRLp3AOXi,atoffaloni7s@sbwire.com
282,abrannan7t,$2y$10$LTzb2bdhvZ36asnwznyJleE1BoApclPTCwfi5cbbxxaGMRLp3AOXi,kbranigan7t@behance.net
283,ogowers7u,$2y$10$LTzb2bdhvZ36asnwznyJleE1BoApclPTCwfi5cbbxxaGMRLp3AOXi,sdrennan7u@people.com.cn
284,bwheatland7v,$2y$10$LTzb2bdhvZ36asnwznyJleE1BoApclPTCwfi5cbbxxaGMRLp3AOXi,aparkhouse7v@ustream.tv
285,cparminter7w,$2y$10$LTzb2bdhvZ36asnwznyJleE1BoApclPTCwfi5cbbxxaGMRLp3AOXi,mdurning7w@elpais.com
286,bpinare7x,$2y$10$LTzb2bdhvZ36asnwznyJleE1BoApclPTCwfi5cbbxxaGMRLp3AOXi,mgaskamp7x@va.gov
287,ebligh7y,$2y$10$LTzb2bdhvZ36asnwznyJleE1BoApclPTCwfi5cbbxxaGMRLp3AOXi,iscamadin7y@mysql.com
288,pgartell7z,$2y$10$LTzb2bdhvZ36asnwznyJleE1BoApclPTCwfi5cbbxxaGMRLp3AOXi,rmerigon7z@w3.org
289,cmcdermot80,$2y$10$LTzb2bdhvZ36asnwznyJleE1BoApclPTCwfi5cbbxxaGMRLp3AOXi,cmathy80@uiuc.edu
290,cwright81,$2y$10$LTzb2bdhvZ36asnwznyJleE1BoApclPTCwfi5cbbxxaGMRLp3AOXi,obowbrick81@cornell.edu
291,umackleden82,$2y$10$LTzb2bdhvZ36asnwznyJleE1BoApclPTCwfi5cbbxxaGMRLp3AOXi,aharrinson82@shinystat.com
292,bboanas83,$2y$10$LTzb2bdhvZ36asnwznyJleE1BoApclPTCwfi5cbbxxaGMRLp3AOXi,hdubery83@cisco.com
293,gdelafield84,$2y$10$LTzb2bdhvZ36asnwznyJleE1BoApclPTCwfi5cbbxxaGMRLp3AOXi,aescudier84@eepurl.com
294,jrotlauf85,$2y$10$LTzb2bdhvZ36asnwznyJleE1BoApclPTCwfi5cbbxxaGMRLp3AOXi,csheerin85@canalblog.com
295,mdoreward86,$2y$10$LTzb2bdhvZ36asnwznyJleE1BoApclPTCwfi5cbbxxaGMRLp3AOXi,gripley86@wordpress.org
296,mharower87,$2y$10$LTzb2bdhvZ36asnwznyJleE1BoApclPTCwfi5cbbxxaGMRLp3AOXi,cledgley87@free.fr
297,bcouvet88,$2y$10$LTzb2bdhvZ36asnwznyJleE1BoApclPTCwfi5cbbxxaGMRLp3AOXi,mlowthorpe88@dion.ne.jp
298,bbowlesworth89,$2y$10$LTzb2bdhvZ36asnwznyJleE1BoApclPTCwfi5cbbxxaGMRLp3AOXi,rsummerfield89@theguardian.com
299,mjuschke8a,$2y$10$LTzb2bdhvZ36asnwznyJleE1BoApclPTCwfi5cbbxxaGMRLp3AOXi,stadd8a@linkedin.com
300,tmcgarva8b,$2y$10$LTzb2bdhvZ36asnwznyJleE1BoApclPTCwfi5cbbxxaGMRLp3AOXi,aullyott8b@japanpost.jp
301,jbehnke8c,$2y$10$LTzb2bdhvZ36asnwznyJleE1BoApclPTCwfi5cbbxxaGMRLp3AOXi,jtumbelty8c@wunderground.com
302,wcopperwaite8d,$2y$10$LTzb2bdhvZ36asnwznyJleE1BoApclPTCwfi5cbbxxaGMRLp3AOXi,rraynham8d@networkadvertising.org
303,ddranfield8e,$2y$10$LTzb2bdhvZ36asnwznyJleE1BoApclPTCwfi5cbbxxaGMRLp3AOXi,facosta8e@salon.com
304,kmattke8f,$2y$10$LTzb2bdhvZ36asnwznyJleE1BoApclPTCwfi5cbbxxaGMRLp3AOXi,aormistone8f@bandcamp.com
305,bsimoni8g,$2y$10$LTzb2bdhvZ36asnwznyJleE1BoApclPTCwfi5cbbxxaGMRLp3AOXi,bwindram8g@stanford.edu
306,rhamsher8h,$2y$10$LTzb2bdhvZ36asnwznyJleE1BoApclPTCwfi5cbbxxaGMRLp3AOXi,lmckeighen8h@mtv.com
307,ajeandeau8i,$2y$10$LTzb2bdhvZ36asnwznyJleE1BoApclPTCwfi5cbbxxaGMRLp3AOXi,eriguard8i@globo.com
308,fmyatt8j,$2y$10$LTzb2bdhvZ36asnwznyJleE1BoApclPTCwfi5cbbxxaGMRLp3AOXi,wrennels8j@addtoany.com
309,kblundell8k,$2y$10$LTzb2bdhvZ36asnwznyJleE1BoApclPTCwfi5cbbxxaGMRLp3AOXi,mfeatonby8k@wired.com
310,bmugg8l,$2y$10$LTzb2bdhvZ36asnwznyJleE1BoApclPTCwfi5cbbxxaGMRLp3AOXi,kfarmloe8l@google.it
311,mpritty8m,$2y$10$LTzb2bdhvZ36asnwznyJleE1BoApclPTCwfi5cbbxxaGMRLp3AOXi,dlevine8m@discuz.net
312,ablanch8n,$2y$10$LTzb2bdhvZ36asnwznyJleE1BoApclPTCwfi5cbbxxaGMRLp3AOXi,khyett8n@prlog.org
313,kmottley8o,$2y$10$LTzb2bdhvZ36asnwznyJleE1BoApclPTCwfi5cbbxxaGMRLp3AOXi,cfarncomb8o@phpbb.com
314,gruck8p,$2y$10$LTzb2bdhvZ36asnwznyJleE1BoApclPTCwfi5cbbxxaGMRLp3AOXi,skuhwald8p@blog.com
315,tmanning8q,$2y$10$LTzb2bdhvZ36asnwznyJleE1BoApclPTCwfi5cbbxxaGMRLp3AOXi,jbercher8q@nih.gov
316,avalde8r,$2y$10$LTzb2bdhvZ36asnwznyJleE1BoApclPTCwfi5cbbxxaGMRLp3AOXi,afullbrook8r@mysql.com
317,lcopland8s,$2y$10$LTzb2bdhvZ36asnwznyJleE1BoApclPTCwfi5cbbxxaGMRLp3AOXi,rbonsul8s@google.co.jp
318,mdadds8t,$2y$10$LTzb2bdhvZ36asnwznyJleE1BoApclPTCwfi5cbbxxaGMRLp3AOXi,fhavick8t@house.gov
319,jbaldi8u,$2y$10$LTzb2bdhvZ36asnwznyJleE1BoApclPTCwfi5cbbxxaGMRLp3AOXi,akilliner8u@ihg.com
320,weagles8v,$2y$10$LTzb2bdhvZ36asnwznyJleE1BoApclPTCwfi5cbbxxaGMRLp3AOXi,cstoeckle8v@berkeley.edu
321,ddunnaway8w,$2y$10$LTzb2bdhvZ36asnwznyJleE1BoApclPTCwfi5cbbxxaGMRLp3AOXi,mrye8w@360.cn
322,mconibeer8x,$2y$10$LTzb2bdhvZ36asnwznyJleE1BoApclPTCwfi5cbbxxaGMRLp3AOXi,clinner8x@accuweather.com
323,bmapson8y,$2y$10$LTzb2bdhvZ36asnwznyJleE1BoApclPTCwfi5cbbxxaGMRLp3AOXi,uslyman8y@imgur.com
324,phedgeman8z,$2y$10$LTzb2bdhvZ36asnwznyJleE1BoApclPTCwfi5cbbxxaGMRLp3AOXi,cmanuel8z@msu.edu
325,smiko90,$2y$10$LTzb2bdhvZ36asnwznyJleE1BoApclPTCwfi5cbbxxaGMRLp3AOXi,ogoldman90@yahoo.co.jp
326,rterlinden91,$2y$10$LTzb2bdhvZ36asnwznyJleE1BoApclPTCwfi5cbbxxaGMRLp3AOXi,acockman91@ezinearticles.com
327,bwhittam92,$2y$10$LTzb2bdhvZ36asnwznyJleE1BoApclPTCwfi5cbbxxaGMRLp3AOXi,jragot92@merriam-webster.com
328,troumier93,$2y$10$LTzb2bdhvZ36asnwznyJleE1BoApclPTCwfi5cbbxxaGMRLp3AOXi,jogrogane93@berkeley.edu
329,tedgson94,$2y$10$LTzb2bdhvZ36asnwznyJleE1BoApclPTCwfi5cbbxxaGMRLp3AOXi,mmusso94@wikipedia.org
330,cmoine95,$2y$10$LTzb2bdhvZ36asnwznyJleE1BoApclPTCwfi5cbbxxaGMRLp3AOXi,rnicklinson95@constantcontact.com
331,mgeorger96,$2y$10$LTzb2bdhvZ36asnwznyJleE1BoApclPTCwfi5cbbxxaGMRLp3AOXi,gleason96@webmd.com
332,njilliss97,$2y$10$LTzb2bdhvZ36asnwznyJleE1BoApclPTCwfi5cbbxxaGMRLp3AOXi,gwollen97@unblog.fr
333,nevenett98,$2y$10$LTzb2bdhvZ36asnwznyJleE1BoApclPTCwfi5cbbxxaGMRLp3AOXi,dgudahy98@free.fr
334,gtrewhitt99,$2y$10$LTzb2bdhvZ36asnwznyJleE1BoApclPTCwfi5cbbxxaGMRLp3AOXi,gglasby99@soundcloud.com
335,mkleis9a,$2y$10$LTzb2bdhvZ36asnwznyJleE1BoApclPTCwfi5cbbxxaGMRLp3AOXi,aesherwood9a@examiner.com
336,lpoultney9b,$2y$10$LTzb2bdhvZ36asnwznyJleE1BoApclPTCwfi5cbbxxaGMRLp3AOXi,ccardinal9b@statcounter.com
337,tgerty9c,$2y$10$LTzb2bdhvZ36asnwznyJleE1BoApclPTCwfi5cbbxxaGMRLp3AOXi,bkemmet9c@nih.gov
338,dludy9d,$2y$10$LTzb2bdhvZ36asnwznyJleE1BoApclPTCwfi5cbbxxaGMRLp3AOXi,emuscat9d@economist.com
339,bsagar9e,$2y$10$LTzb2bdhvZ36asnwznyJleE1BoApclPTCwfi5cbbxxaGMRLp3AOXi,kpowner9e@va.gov
340,xwebborn9f,$2y$10$LTzb2bdhvZ36asnwznyJleE1BoApclPTCwfi5cbbxxaGMRLp3AOXi,mzoanetti9f@lulu.com
341,scallendar9g,$2y$10$LTzb2bdhvZ36asnwznyJleE1BoApclPTCwfi5cbbxxaGMRLp3AOXi,jmatteacci9g@bluehost.com
342,ceassom9h,$2y$10$LTzb2bdhvZ36asnwznyJleE1BoApclPTCwfi5cbbxxaGMRLp3AOXi,tgurley9h@google.com
343,slintall9i,$2y$10$LTzb2bdhvZ36asnwznyJleE1BoApclPTCwfi5cbbxxaGMRLp3AOXi,jmacgow9i@canalblog.com
344,ismiz9j,$2y$10$LTzb2bdhvZ36asnwznyJleE1BoApclPTCwfi5cbbxxaGMRLp3AOXi,lnugent9j@wp.com
345,jannets9k,$2y$10$LTzb2bdhvZ36asnwznyJleE1BoApclPTCwfi5cbbxxaGMRLp3AOXi,tgronowe9k@youtube.com
346,cdommerque9l,$2y$10$LTzb2bdhvZ36asnwznyJleE1BoApclPTCwfi5cbbxxaGMRLp3AOXi,jfasson9l@blog.com
347,emacanulty9m,$2y$10$LTzb2bdhvZ36asnwznyJleE1BoApclPTCwfi5cbbxxaGMRLp3AOXi,rspencelayh9m@360.cn
348,fbriance9n,$2y$10$LTzb2bdhvZ36asnwznyJleE1BoApclPTCwfi5cbbxxaGMRLp3AOXi,gfulker9n@devhub.com
349,corganer9o,$2y$10$LTzb2bdhvZ36asnwznyJleE1BoApclPTCwfi5cbbxxaGMRLp3AOXi,ftippin9o@fema.gov
350,cwebling9p,$2y$10$LTzb2bdhvZ36asnwznyJleE1BoApclPTCwfi5cbbxxaGMRLp3AOXi,adorgan9p@pagesperso-orange.fr
351,rbridgewood9q,$2y$10$LTzb2bdhvZ36asnwznyJleE1BoApclPTCwfi5cbbxxaGMRLp3AOXi,dmaseyk9q@engadget.com
352,celwin9r,$2y$10$LTzb2bdhvZ36asnwznyJleE1BoApclPTCwfi5cbbxxaGMRLp3AOXi,tfolliott9r@forbes.com
353,eledamun9s,$2y$10$LTzb2bdhvZ36asnwznyJleE1BoApclPTCwfi5cbbxxaGMRLp3AOXi,athyer9s@hao123.com
354,rgioani9t,$2y$10$LTzb2bdhvZ36asnwznyJleE1BoApclPTCwfi5cbbxxaGMRLp3AOXi,zchesson9t@slideshare.net
355,wlanfare9u,$2y$10$LTzb2bdhvZ36asnwznyJleE1BoApclPTCwfi5cbbxxaGMRLp3AOXi,lbrace9u@ehow.com
356,ckasman9v,$2y$10$LTzb2bdhvZ36asnwznyJleE1BoApclPTCwfi5cbbxxaGMRLp3AOXi,cdirr9v@pcworld.com
357,jrickword9w,$2y$10$LTzb2bdhvZ36asnwznyJleE1BoApclPTCwfi5cbbxxaGMRLp3AOXi,mwelbelove9w@feedburner.com
358,ojump9x,$2y$10$LTzb2bdhvZ36asnwznyJleE1BoApclPTCwfi5cbbxxaGMRLp3AOXi,anormanvill9x@moonfruit.com
359,gdunsmuir9y,$2y$10$LTzb2bdhvZ36asnwznyJleE1BoApclPTCwfi5cbbxxaGMRLp3AOXi,pmabbutt9y@discuz.net
360,mpacheco9z,$2y$10$LTzb2bdhvZ36asnwznyJleE1BoApclPTCwfi5cbbxxaGMRLp3AOXi,cscorey9z@spotify.com
361,icornecka0,$2y$10$LTzb2bdhvZ36asnwznyJleE1BoApclPTCwfi5cbbxxaGMRLp3AOXi,eedbrookea0@surveymonkey.com
362,tcalverleya1,$2y$10$LTzb2bdhvZ36asnwznyJleE1BoApclPTCwfi5cbbxxaGMRLp3AOXi,rnestoruka1@multiply.com
363,smidlara2,$2y$10$LTzb2bdhvZ36asnwznyJleE1BoApclPTCwfi5cbbxxaGMRLp3AOXi,rricha2@amazon.com
364,ggowricha3,$2y$10$LTzb2bdhvZ36asnwznyJleE1BoApclPTCwfi5cbbxxaGMRLp3AOXi,fcorletta3@desdev.cn
365,hattlea4,$2y$10$LTzb2bdhvZ36asnwznyJleE1BoApclPTCwfi5cbbxxaGMRLp3AOXi,tlangsdona4@oaic.gov.au
366,gparratta5,$2y$10$LTzb2bdhvZ36asnwznyJleE1BoApclPTCwfi5cbbxxaGMRLp3AOXi,mushera5@amazon.de
367,mballacha6,$2y$10$LTzb2bdhvZ36asnwznyJleE1BoApclPTCwfi5cbbxxaGMRLp3AOXi,nsquirrella6@indiatimes.com
368,elardnara7,$2y$10$LTzb2bdhvZ36asnwznyJleE1BoApclPTCwfi5cbbxxaGMRLp3AOXi,gdobrovolnya7@istockphoto.com
369,iriddalla8,$2y$10$LTzb2bdhvZ36asnwznyJleE1BoApclPTCwfi5cbbxxaGMRLp3AOXi,sagiusa8@apple.com
370,gleandera9,$2y$10$LTzb2bdhvZ36asnwznyJleE1BoApclPTCwfi5cbbxxaGMRLp3AOXi,bhedmana9@blog.com
371,aculteraa,$2y$10$LTzb2bdhvZ36asnwznyJleE1BoApclPTCwfi5cbbxxaGMRLp3AOXi,mmcgonigleaa@fotki.com
372,syuryshevab,$2y$10$LTzb2bdhvZ36asnwznyJleE1BoApclPTCwfi5cbbxxaGMRLp3AOXi,hclacsonab@mysql.com
373,ctriggleac,$2y$10$LTzb2bdhvZ36asnwznyJleE1BoApclPTCwfi5cbbxxaGMRLp3AOXi,bcejkaac@liveinternet.ru
374,cphettead,$2y$10$LTzb2bdhvZ36asnwznyJleE1BoApclPTCwfi5cbbxxaGMRLp3AOXi,fcoltmanad@prnewswire.com
375,emclucasae,$2y$10$LTzb2bdhvZ36asnwznyJleE1BoApclPTCwfi5cbbxxaGMRLp3AOXi,dbegbieae@yahoo.com
376,mgollopaf,$2y$10$LTzb2bdhvZ36asnwznyJleE1BoApclPTCwfi5cbbxxaGMRLp3AOXi,abellelliaf@yellowbook.com
377,mbottomleyag,$2y$10$LTzb2bdhvZ36asnwznyJleE1BoApclPTCwfi5cbbxxaGMRLp3AOXi,mcarnewag@howstuffworks.com
378,ejeckellah,$2y$10$LTzb2bdhvZ36asnwznyJleE1BoApclPTCwfi5cbbxxaGMRLp3AOXi,dashworthah@aboutads.info
379,pburcombeai,$2y$10$LTzb2bdhvZ36asnwznyJleE1BoApclPTCwfi5cbbxxaGMRLp3AOXi,fwhatlingai@baidu.com
380,btoffulaj,$2y$10$LTzb2bdhvZ36asnwznyJleE1BoApclPTCwfi5cbbxxaGMRLp3AOXi,sheveyaj@reverbnation.com
381,dklewiak,$2y$10$LTzb2bdhvZ36asnwznyJleE1BoApclPTCwfi5cbbxxaGMRLp3AOXi,htigheak@fotki.com
382,vtrenbayal,$2y$10$LTzb2bdhvZ36asnwznyJleE1BoApclPTCwfi5cbbxxaGMRLp3AOXi,tebbrellal@ameblo.jp
383,lkarbyam,$2y$10$LTzb2bdhvZ36asnwznyJleE1BoApclPTCwfi5cbbxxaGMRLp3AOXi,iconcklinam@surveymonkey.com
384,bhuntallan,$2y$10$LTzb2bdhvZ36asnwznyJleE1BoApclPTCwfi5cbbxxaGMRLp3AOXi,dprandinian@usgs.gov
385,bgutridgeao,$2y$10$LTzb2bdhvZ36asnwznyJleE1BoApclPTCwfi5cbbxxaGMRLp3AOXi,sgainsfordao@twitter.com
386,atebbap,$2y$10$LTzb2bdhvZ36asnwznyJleE1BoApclPTCwfi5cbbxxaGMRLp3AOXi,flyeap@yahoo.co.jp
387,pdequesneaq,$2y$10$LTzb2bdhvZ36asnwznyJleE1BoApclPTCwfi5cbbxxaGMRLp3AOXi,adentaq@mozilla.com
388,bperviewar,$2y$10$LTzb2bdhvZ36asnwznyJleE1BoApclPTCwfi5cbbxxaGMRLp3AOXi,pmackeaguear@mozilla.org
389,mphrippas,$2y$10$LTzb2bdhvZ36asnwznyJleE1BoApclPTCwfi5cbbxxaGMRLp3AOXi,cfrounksas@tiny.cc
390,pcleghornat,$2y$10$LTzb2bdhvZ36asnwznyJleE1BoApclPTCwfi5cbbxxaGMRLp3AOXi,rvileat@fc2.com
391,troglieroau,$2y$10$LTzb2bdhvZ36asnwznyJleE1BoApclPTCwfi5cbbxxaGMRLp3AOXi,cperilloau@ucsd.edu
392,aosheaav,$2y$10$LTzb2bdhvZ36asnwznyJleE1BoApclPTCwfi5cbbxxaGMRLp3AOXi,jcadwalladerav@pen.io
393,lmactrustyaw,$2y$10$LTzb2bdhvZ36asnwznyJleE1BoApclPTCwfi5cbbxxaGMRLp3AOXi,nstiffkinsaw@jiathis.com
394,tfarringtonax,$2y$10$LTzb2bdhvZ36asnwznyJleE1BoApclPTCwfi5cbbxxaGMRLp3AOXi,mtollitax@fotki.com
395,rhurllay,$2y$10$LTzb2bdhvZ36asnwznyJleE1BoApclPTCwfi5cbbxxaGMRLp3AOXi,cwoodcraftay@opera.com
396,mdrinkhallaz,$2y$10$LTzb2bdhvZ36asnwznyJleE1BoApclPTCwfi5cbbxxaGMRLp3AOXi,nmaykinaz@rediff.com
397,mmandresb0,$2y$10$LTzb2bdhvZ36asnwznyJleE1BoApclPTCwfi5cbbxxaGMRLp3AOXi,hhallowesb0@tripadvisor.com
398,tjurisicb1,$2y$10$LTzb2bdhvZ36asnwznyJleE1BoApclPTCwfi5cbbxxaGMRLp3AOXi,adeverb1@cdc.gov
399,tjoinsonb2,$2y$10$LTzb2bdhvZ36asnwznyJleE1BoApclPTCwfi5cbbxxaGMRLp3AOXi,sgozzettb2@redcross.org
400,oraveaub3,$2y$10$LTzb2bdhvZ36asnwznyJleE1BoApclPTCwfi5cbbxxaGMRLp3AOXi,cbonnyb3@google.com.au
401,mmelettib4,$2y$10$LTzb2bdhvZ36asnwznyJleE1BoApclPTCwfi5cbbxxaGMRLp3AOXi,stompkinsonb4@gov.uk
402,jmarcomeb5,$2y$10$LTzb2bdhvZ36asnwznyJleE1BoApclPTCwfi5cbbxxaGMRLp3AOXi,esartenb5@fastcompany.com
403,hpepisb6,$2y$10$LTzb2bdhvZ36asnwznyJleE1BoApclPTCwfi5cbbxxaGMRLp3AOXi,jslowanb6@mayoclinic.com
404,espaceyb7,$2y$10$LTzb2bdhvZ36asnwznyJleE1BoApclPTCwfi5cbbxxaGMRLp3AOXi,mblewisb7@jiathis.com
405,jburdekinb8,$2y$10$LTzb2bdhvZ36asnwznyJleE1BoApclPTCwfi5cbbxxaGMRLp3AOXi,telgarb8@nsw.gov.au
406,cfindingb9,$2y$10$LTzb2bdhvZ36asnwznyJleE1BoApclPTCwfi5cbbxxaGMRLp3AOXi,cmartinetb9@simplemachines.org
407,sgodsalba,$2y$10$LTzb2bdhvZ36asnwznyJleE1BoApclPTCwfi5cbbxxaGMRLp3AOXi,tfautleyba@hp.com
408,joglesbeebb,$2y$10$LTzb2bdhvZ36asnwznyJleE1BoApclPTCwfi5cbbxxaGMRLp3AOXi,gmcfaulbb@google.co.uk
409,mbenedickbc,$2y$10$LTzb2bdhvZ36asnwznyJleE1BoApclPTCwfi5cbbxxaGMRLp3AOXi,acoursebc@instagram.com
410,vhanfordbd,$2y$10$LTzb2bdhvZ36asnwznyJleE1BoApclPTCwfi5cbbxxaGMRLp3AOXi,hkohnenbd@hatena.ne.jp
411,sledwithbe,$2y$10$LTzb2bdhvZ36asnwznyJleE1BoApclPTCwfi5cbbxxaGMRLp3AOXi,kzannotellibe@printfriendly.com
412,dimasonbf,$2y$10$LTzb2bdhvZ36asnwznyJleE1BoApclPTCwfi5cbbxxaGMRLp3AOXi,dportsmouthbf@ucoz.com
413,cgirdlerbg,$2y$10$LTzb2bdhvZ36asnwznyJleE1BoApclPTCwfi5cbbxxaGMRLp3AOXi,ekohrtbg@bbb.org
414,dbosdenbh,$2y$10$LTzb2bdhvZ36asnwznyJleE1BoApclPTCwfi5cbbxxaGMRLp3AOXi,gblackborobh@chicagotribune.com
415,ncraythornbi,$2y$10$LTzb2bdhvZ36asnwznyJleE1BoApclPTCwfi5cbbxxaGMRLp3AOXi,mkitchingmanbi@theguardian.com
416,cwhealbj,$2y$10$LTzb2bdhvZ36asnwznyJleE1BoApclPTCwfi5cbbxxaGMRLp3AOXi,bmacilurickbj@wp.com
417,givashovbk,$2y$10$LTzb2bdhvZ36asnwznyJleE1BoApclPTCwfi5cbbxxaGMRLp3AOXi,lsouchbk@aboutads.info
418,zwinderbl,$2y$10$LTzb2bdhvZ36asnwznyJleE1BoApclPTCwfi5cbbxxaGMRLp3AOXi,dculwenbl@barnesandnoble.com
419,mlascellbm,$2y$10$LTzb2bdhvZ36asnwznyJleE1BoApclPTCwfi5cbbxxaGMRLp3AOXi,hkenwaybm@paypal.com
420,ibargebn,$2y$10$LTzb2bdhvZ36asnwznyJleE1BoApclPTCwfi5cbbxxaGMRLp3AOXi,dmantrupbn@tripod.com
421,tcooksonbo,$2y$10$LTzb2bdhvZ36asnwznyJleE1BoApclPTCwfi5cbbxxaGMRLp3AOXi,cfettersbo@unicef.org
422,bsyrattbp,$2y$10$LTzb2bdhvZ36asnwznyJleE1BoApclPTCwfi5cbbxxaGMRLp3AOXi,jjaycoxbp@hubpages.com
423,gsillitoebq,$2y$10$LTzb2bdhvZ36asnwznyJleE1BoApclPTCwfi5cbbxxaGMRLp3AOXi,astanlakebq@sogou.com
424,rmanoellibr,$2y$10$LTzb2bdhvZ36asnwznyJleE1BoApclPTCwfi5cbbxxaGMRLp3AOXi,gbooseybr@diigo.com
425,zspellacybs,$2y$10$LTzb2bdhvZ36asnwznyJleE1BoApclPTCwfi5cbbxxaGMRLp3AOXi,mcunniambs@timesonline.co.uk
426,ahappertbt,$2y$10$LTzb2bdhvZ36asnwznyJleE1BoApclPTCwfi5cbbxxaGMRLp3AOXi,dmixbt@ebay.com
427,aashleybu,$2y$10$LTzb2bdhvZ36asnwznyJleE1BoApclPTCwfi5cbbxxaGMRLp3AOXi,swapolbu@hatena.ne.jp
428,mhillburnbv,$2y$10$LTzb2bdhvZ36asnwznyJleE1BoApclPTCwfi5cbbxxaGMRLp3AOXi,wstonelakebv@shinystat.com
429,mleydonbw,$2y$10$LTzb2bdhvZ36asnwznyJleE1BoApclPTCwfi5cbbxxaGMRLp3AOXi,wfeebw@sina.com.cn
430,pmckendrybx,$2y$10$LTzb2bdhvZ36asnwznyJleE1BoApclPTCwfi5cbbxxaGMRLp3AOXi,eotteebx@alibaba.com
431,charstonby,$2y$10$LTzb2bdhvZ36asnwznyJleE1BoApclPTCwfi5cbbxxaGMRLp3AOXi,cbulmerby@jiathis.com
432,tquerrardbz,$2y$10$LTzb2bdhvZ36asnwznyJleE1BoApclPTCwfi5cbbxxaGMRLp3AOXi,awealebz@nyu.edu
433,lhaimesc0,$2y$10$LTzb2bdhvZ36asnwznyJleE1BoApclPTCwfi5cbbxxaGMRLp3AOXi,crosencrantzc0@indiatimes.com
434,bclewleyc1,$2y$10$LTzb2bdhvZ36asnwznyJleE1BoApclPTCwfi5cbbxxaGMRLp3AOXi,gandric1@berkeley.edu
435,mmagnerc2,$2y$10$LTzb2bdhvZ36asnwznyJleE1BoApclPTCwfi5cbbxxaGMRLp3AOXi,obowec2@goo.ne.jp
436,sbrookwoodc3,$2y$10$LTzb2bdhvZ36asnwznyJleE1BoApclPTCwfi5cbbxxaGMRLp3AOXi,alefriecc3@naver.com
437,fcleec4,$2y$10$LTzb2bdhvZ36asnwznyJleE1BoApclPTCwfi5cbbxxaGMRLp3AOXi,atomkysc4@list-manage.com
438,mscrowtonc5,$2y$10$LTzb2bdhvZ36asnwznyJleE1BoApclPTCwfi5cbbxxaGMRLp3AOXi,eparkc5@creativecommons.org
439,bgoldenofirelandc6,$2y$10$LTzb2bdhvZ36asnwznyJleE1BoApclPTCwfi5cbbxxaGMRLp3AOXi,cortoc6@nymag.com
440,jlashmorec7,$2y$10$LTzb2bdhvZ36asnwznyJleE1BoApclPTCwfi5cbbxxaGMRLp3AOXi,apettettc7@icq.com
441,acamockc8,$2y$10$LTzb2bdhvZ36asnwznyJleE1BoApclPTCwfi5cbbxxaGMRLp3AOXi,vcervantesc8@toplist.cz
442,scarmelc9,$2y$10$LTzb2bdhvZ36asnwznyJleE1BoApclPTCwfi5cbbxxaGMRLp3AOXi,ibriarsc9@usatoday.com
443,vfishbourneca,$2y$10$LTzb2bdhvZ36asnwznyJleE1BoApclPTCwfi5cbbxxaGMRLp3AOXi,tperigoca@java.com
444,amcsaulcb,$2y$10$LTzb2bdhvZ36asnwznyJleE1BoApclPTCwfi5cbbxxaGMRLp3AOXi,hlangleycb@ask.com
445,bmontacutecc,$2y$10$LTzb2bdhvZ36asnwznyJleE1BoApclPTCwfi5cbbxxaGMRLp3AOXi,lfouchcc@google.es
446,galdingtoncd,$2y$10$LTzb2bdhvZ36asnwznyJleE1BoApclPTCwfi5cbbxxaGMRLp3AOXi,crileycd@cyberchimps.com
447,cdelcastelloce,$2y$10$LTzb2bdhvZ36asnwznyJleE1BoApclPTCwfi5cbbxxaGMRLp3AOXi,wwiddowsce@discovery.com
448,jfurneycf,$2y$10$LTzb2bdhvZ36asnwznyJleE1BoApclPTCwfi5cbbxxaGMRLp3AOXi,ameryettcf@booking.com
449,aorneblowcg,$2y$10$LTzb2bdhvZ36asnwznyJleE1BoApclPTCwfi5cbbxxaGMRLp3AOXi,earnizcg@sfgate.com
450,acarbettch,$2y$10$LTzb2bdhvZ36asnwznyJleE1BoApclPTCwfi5cbbxxaGMRLp3AOXi,rfonsoch@npr.org
451,stitmusci,$2y$10$LTzb2bdhvZ36asnwznyJleE1BoApclPTCwfi5cbbxxaGMRLp3AOXi,hgronouci@so-net.ne.jp
452,tbartomieucj,$2y$10$LTzb2bdhvZ36asnwznyJleE1BoApclPTCwfi5cbbxxaGMRLp3AOXi,kduguecj@mail.ru
453,akrzysztofck,$2y$10$LTzb2bdhvZ36asnwznyJleE1BoApclPTCwfi5cbbxxaGMRLp3AOXi,nfoskewck@123-reg.co.uk
454,bbartkiewiczcl,$2y$10$LTzb2bdhvZ36asnwznyJleE1BoApclPTCwfi5cbbxxaGMRLp3AOXi,mkidstoncl@blogs.com
455,fcordallcm,$2y$10$LTzb2bdhvZ36asnwznyJleE1BoApclPTCwfi5cbbxxaGMRLp3AOXi,cchipchasecm@cdbaby.com
456,lallgoodcn,$2y$10$LTzb2bdhvZ36asnwznyJleE1BoApclPTCwfi5cbbxxaGMRLp3AOXi,dderringtoncn@google.ru
457,slambertsonco,$2y$10$LTzb2bdhvZ36asnwznyJleE1BoApclPTCwfi5cbbxxaGMRLp3AOXi,hwillmanco@aol.com
458,wbyrecp,$2y$10$LTzb2bdhvZ36asnwznyJleE1BoApclPTCwfi5cbbxxaGMRLp3AOXi,mcatchersidecp@cbc.ca
459,scoppenscq,$2y$10$LTzb2bdhvZ36asnwznyJleE1BoApclPTCwfi5cbbxxaGMRLp3AOXi,dclamptoncq@uiuc.edu
460,mholtumcr,$2y$10$LTzb2bdhvZ36asnwznyJleE1BoApclPTCwfi5cbbxxaGMRLp3AOXi,vchowncr@dot.gov
461,bmoulsoncs,$2y$10$LTzb2bdhvZ36asnwznyJleE1BoApclPTCwfi5cbbxxaGMRLp3AOXi,abransoncs@cdbaby.com
462,asiredct,$2y$10$LTzb2bdhvZ36asnwznyJleE1BoApclPTCwfi5cbbxxaGMRLp3AOXi,epilfoldct@wp.com
463,cpeacopcu,$2y$10$LTzb2bdhvZ36asnwznyJleE1BoApclPTCwfi5cbbxxaGMRLp3AOXi,tpenkethcu@engadget.com
464,tabsoncv,$2y$10$LTzb2bdhvZ36asnwznyJleE1BoApclPTCwfi5cbbxxaGMRLp3AOXi,pdeakescv@skyrock.com
465,aclaguecw,$2y$10$LTzb2bdhvZ36asnwznyJleE1BoApclPTCwfi5cbbxxaGMRLp3AOXi,jbiasinicw@altervista.org
466,egeeraertcx,$2y$10$LTzb2bdhvZ36asnwznyJleE1BoApclPTCwfi5cbbxxaGMRLp3AOXi,ksurcombcx@si.edu
467,dgagiecy,$2y$10$LTzb2bdhvZ36asnwznyJleE1BoApclPTCwfi5cbbxxaGMRLp3AOXi,ejuaracy@altervista.org
468,eponsfordcz,$2y$10$LTzb2bdhvZ36asnwznyJleE1BoApclPTCwfi5cbbxxaGMRLp3AOXi,ehelbeckcz@nifty.com
469,cghirardid0,$2y$10$LTzb2bdhvZ36asnwznyJleE1BoApclPTCwfi5cbbxxaGMRLp3AOXi,kritterd0@rakuten.co.jp
470,awalshawd1,$2y$10$LTzb2bdhvZ36asnwznyJleE1BoApclPTCwfi5cbbxxaGMRLp3AOXi,psleneyd1@bing.com
471,gcundyd2,$2y$10$LTzb2bdhvZ36asnwznyJleE1BoApclPTCwfi5cbbxxaGMRLp3AOXi,alilleymand2@thetimes.co.uk
472,jstrotherd3,$2y$10$LTzb2bdhvZ36asnwznyJleE1BoApclPTCwfi5cbbxxaGMRLp3AOXi,ochalfaind3@disqus.com
473,atonryd4,$2y$10$LTzb2bdhvZ36asnwznyJleE1BoApclPTCwfi5cbbxxaGMRLp3AOXi,wfeavearyeard4@upenn.edu
474,jgookd5,$2y$10$LTzb2bdhvZ36asnwznyJleE1BoApclPTCwfi5cbbxxaGMRLp3AOXi,ntarboxd5@irs.gov
475,nliddyd6,$2y$10$LTzb2bdhvZ36asnwznyJleE1BoApclPTCwfi5cbbxxaGMRLp3AOXi,hvoyced6@unicef.org
476,ddowd7,$2y$10$LTzb2bdhvZ36asnwznyJleE1BoApclPTCwfi5cbbxxaGMRLp3AOXi,dvannuccid7@businesswire.com
477,dberrisfordd8,$2y$10$LTzb2bdhvZ36asnwznyJleE1BoApclPTCwfi5cbbxxaGMRLp3AOXi,aboathd8@i2i.jp
478,gcrossed9,$2y$10$LTzb2bdhvZ36asnwznyJleE1BoApclPTCwfi5cbbxxaGMRLp3AOXi,bhyned9@sciencedirect.com
479,sgreensidesda,$2y$10$LTzb2bdhvZ36asnwznyJleE1BoApclPTCwfi5cbbxxaGMRLp3AOXi,cfurnellda@i2i.jp
480,zbowlingdb,$2y$10$LTzb2bdhvZ36asnwznyJleE1BoApclPTCwfi5cbbxxaGMRLp3AOXi,ascarboroughdb@state.gov
481,mstledgerdc,$2y$10$LTzb2bdhvZ36asnwznyJleE1BoApclPTCwfi5cbbxxaGMRLp3AOXi,krandelldc@devhub.com
482,evalentimdd,$2y$10$LTzb2bdhvZ36asnwznyJleE1BoApclPTCwfi5cbbxxaGMRLp3AOXi,mgodindd@php.net
483,wrosserde,$2y$10$LTzb2bdhvZ36asnwznyJleE1BoApclPTCwfi5cbbxxaGMRLp3AOXi,jelderfieldde@imdb.com
484,rrableydf,$2y$10$LTzb2bdhvZ36asnwznyJleE1BoApclPTCwfi5cbbxxaGMRLp3AOXi,badamiakdf@census.gov
485,ggiriardellidg,$2y$10$LTzb2bdhvZ36asnwznyJleE1BoApclPTCwfi5cbbxxaGMRLp3AOXi,whallededg@aol.com
486,wscoatesdh,$2y$10$LTzb2bdhvZ36asnwznyJleE1BoApclPTCwfi5cbbxxaGMRLp3AOXi,dridewooddh@dagondesign.com
487,lorcottdi,$2y$10$LTzb2bdhvZ36asnwznyJleE1BoApclPTCwfi5cbbxxaGMRLp3AOXi,nuddendi@scientificamerican.com
488,dmitrodj,$2y$10$LTzb2bdhvZ36asnwznyJleE1BoApclPTCwfi5cbbxxaGMRLp3AOXi,borthmanndj@smugmug.com
489,afahrenbachdk,$2y$10$LTzb2bdhvZ36asnwznyJleE1BoApclPTCwfi5cbbxxaGMRLp3AOXi,cwybrondk@arizona.edu
490,dwrennalldl,$2y$10$LTzb2bdhvZ36asnwznyJleE1BoApclPTCwfi5cbbxxaGMRLp3AOXi,efarreydl@cdbaby.com
491,loyleydm,$2y$10$LTzb2bdhvZ36asnwznyJleE1BoApclPTCwfi5cbbxxaGMRLp3AOXi,fmacanespiedm@bizjournals.com
492,hbarthrupdn,$2y$10$LTzb2bdhvZ36asnwznyJleE1BoApclPTCwfi5cbbxxaGMRLp3AOXi,ctoozedn@gmpg.org
493,adumingodo,$2y$10$LTzb2bdhvZ36asnwznyJleE1BoApclPTCwfi5cbbxxaGMRLp3AOXi,cmccorkindaledo@deliciousdays.com
494,dbunnydp,$2y$10$LTzb2bdhvZ36asnwznyJleE1BoApclPTCwfi5cbbxxaGMRLp3AOXi,fbrightiedp@phoca.cz
495,eerskinedq,$2y$10$LTzb2bdhvZ36asnwznyJleE1BoApclPTCwfi5cbbxxaGMRLp3AOXi,krivalanddq@nhs.uk
496,sgodaindr,$2y$10$LTzb2bdhvZ36asnwznyJleE1BoApclPTCwfi5cbbxxaGMRLp3AOXi,asplavendr@weather.com
497,lygods,$2y$10$LTzb2bdhvZ36asnwznyJleE1BoApclPTCwfi5cbbxxaGMRLp3AOXi,ewoollcottds@cbslocal.com
498,rflaydt,$2y$10$LTzb2bdhvZ36asnwznyJleE1BoApclPTCwfi5cbbxxaGMRLp3AOXi,rsteutlydt@nyu.edu
499,tetchelldu,$2y$10$LTzb2bdhvZ36asnwznyJleE1BoApclPTCwfi5cbbxxaGMRLp3AOXi,lheymanndu@netvibes.com
500,rdanzeydv,$2y$10$LTzb2bdhvZ36asnwznyJleE1BoApclPTCwfi5cbbxxaGMRLp3AOXi,hdeverockdv@hc360.com
501,wtilstondw,$2y$10$LTzb2bdhvZ36asnwznyJleE1BoApclPTCwfi5cbbxxaGMRLp3AOXi,ckeelingedw@netlog.com
502,clamanbydx,$2y$10$LTzb2bdhvZ36asnwznyJleE1BoApclPTCwfi5cbbxxaGMRLp3AOXi,tslyforddx@netscape.com
503,cbroggiody,$2y$10$LTzb2bdhvZ36asnwznyJleE1BoApclPTCwfi5cbbxxaGMRLp3AOXi,rdoddingdy@un.org
504,cmacmenamydz,$2y$10$LTzb2bdhvZ36asnwznyJleE1BoApclPTCwfi5cbbxxaGMRLp3AOXi,iperfilidz@geocities.jp
505,agrovene0,$2y$10$LTzb2bdhvZ36asnwznyJleE1BoApclPTCwfi5cbbxxaGMRLp3AOXi,hizakoffe0@thetimes.co.uk
506,jdiverse1,$2y$10$LTzb2bdhvZ36asnwznyJleE1BoApclPTCwfi5cbbxxaGMRLp3AOXi,ktointone1@shop-pro.jp
507,ishovlare2,$2y$10$LTzb2bdhvZ36asnwznyJleE1BoApclPTCwfi5cbbxxaGMRLp3AOXi,hlinnette2@cdc.gov
508,kbindone3,$2y$10$LTzb2bdhvZ36asnwznyJleE1BoApclPTCwfi5cbbxxaGMRLp3AOXi,nderuggeroe3@baidu.com
509,thourigane4,$2y$10$LTzb2bdhvZ36asnwznyJleE1BoApclPTCwfi5cbbxxaGMRLp3AOXi,mdeningtone4@yahoo.com
510,pmcaughtrye5,$2y$10$LTzb2bdhvZ36asnwznyJleE1BoApclPTCwfi5cbbxxaGMRLp3AOXi,fswaddene5@g.co
511,mwychee6,$2y$10$LTzb2bdhvZ36asnwznyJleE1BoApclPTCwfi5cbbxxaGMRLp3AOXi,cmielle6@unesco.org
512,dgheorghescue7,$2y$10$LTzb2bdhvZ36asnwznyJleE1BoApclPTCwfi5cbbxxaGMRLp3AOXi,speschmanne7@washington.edu
513,dsimonele8,$2y$10$LTzb2bdhvZ36asnwznyJleE1BoApclPTCwfi5cbbxxaGMRLp3AOXi,ystadinge8@smh.com.au
514,mstealfoxe9,$2y$10$LTzb2bdhvZ36asnwznyJleE1BoApclPTCwfi5cbbxxaGMRLp3AOXi,unelthrope9@printfriendly.com
515,egellierea,$2y$10$LTzb2bdhvZ36asnwznyJleE1BoApclPTCwfi5cbbxxaGMRLp3AOXi,nmandrakeea@taobao.com
516,obutterfinteb,$2y$10$LTzb2bdhvZ36asnwznyJleE1BoApclPTCwfi5cbbxxaGMRLp3AOXi,sdyaseb@columbia.edu
517,sjoneec,$2y$10$LTzb2bdhvZ36asnwznyJleE1BoApclPTCwfi5cbbxxaGMRLp3AOXi,mganniclifftec@cbc.ca
518,msympered,$2y$10$LTzb2bdhvZ36asnwznyJleE1BoApclPTCwfi5cbbxxaGMRLp3AOXi,ppetroled@e-recht24.de
519,dwigginee,$2y$10$LTzb2bdhvZ36asnwznyJleE1BoApclPTCwfi5cbbxxaGMRLp3AOXi,bsalomonee@gmpg.org
520,kspadeckef,$2y$10$LTzb2bdhvZ36asnwznyJleE1BoApclPTCwfi5cbbxxaGMRLp3AOXi,bkempsonef@symantec.com
521,bnolletheg,$2y$10$LTzb2bdhvZ36asnwznyJleE1BoApclPTCwfi5cbbxxaGMRLp3AOXi,jhiskeyeg@spiegel.de
522,jdemattiaeh,$2y$10$LTzb2bdhvZ36asnwznyJleE1BoApclPTCwfi5cbbxxaGMRLp3AOXi,abaileseh@virginia.edu
523,bdockreayei,$2y$10$LTzb2bdhvZ36asnwznyJleE1BoApclPTCwfi5cbbxxaGMRLp3AOXi,eguntherei@istockphoto.com
524,wfennersej,$2y$10$LTzb2bdhvZ36asnwznyJleE1BoApclPTCwfi5cbbxxaGMRLp3AOXi,dparbrookej@sitemeter.com
525,gneggriniek,$2y$10$LTzb2bdhvZ36asnwznyJleE1BoApclPTCwfi5cbbxxaGMRLp3AOXi,blagneauxek@elegantthemes.com
526,bbreakspearel,$2y$10$LTzb2bdhvZ36asnwznyJleE1BoApclPTCwfi5cbbxxaGMRLp3AOXi,dbirtsel@google.co.jp
527,smartinyukem,$2y$10$LTzb2bdhvZ36asnwznyJleE1BoApclPTCwfi5cbbxxaGMRLp3AOXi,tbryettem@51.la
528,ablackwellen,$2y$10$LTzb2bdhvZ36asnwznyJleE1BoApclPTCwfi5cbbxxaGMRLp3AOXi,otharmeen@e-recht24.de
529,bdunbletoneo,$2y$10$LTzb2bdhvZ36asnwznyJleE1BoApclPTCwfi5cbbxxaGMRLp3AOXi,dhartshorneeo@imgur.com
530,jickovitsep,$2y$10$LTzb2bdhvZ36asnwznyJleE1BoApclPTCwfi5cbbxxaGMRLp3AOXi,gbailsep@slate.com
531,tleveridgeeq,$2y$10$LTzb2bdhvZ36asnwznyJleE1BoApclPTCwfi5cbbxxaGMRLp3AOXi,hscallyeq@macromedia.com
532,csetcheller,$2y$10$LTzb2bdhvZ36asnwznyJleE1BoApclPTCwfi5cbbxxaGMRLp3AOXi,vbrinsdener@networksolutions.com
533,akarranes,$2y$10$LTzb2bdhvZ36asnwznyJleE1BoApclPTCwfi5cbbxxaGMRLp3AOXi,fbriares@amazon.com
534,lpetrushkevichet,$2y$10$LTzb2bdhvZ36asnwznyJleE1BoApclPTCwfi5cbbxxaGMRLp3AOXi,afraczeket@blogs.com
535,ppozzieu,$2y$10$LTzb2bdhvZ36asnwznyJleE1BoApclPTCwfi5cbbxxaGMRLp3AOXi,cvernayeu@google.com
536,oyukhnovev,$2y$10$LTzb2bdhvZ36asnwznyJleE1BoApclPTCwfi5cbbxxaGMRLp3AOXi,channabussev@bloglines.com
537,egornerew,$2y$10$LTzb2bdhvZ36asnwznyJleE1BoApclPTCwfi5cbbxxaGMRLp3AOXi,ebemandew@auda.org.au
538,jhargex,$2y$10$LTzb2bdhvZ36asnwznyJleE1BoApclPTCwfi5cbbxxaGMRLp3AOXi,rmcnellyex@google.com.au
539,fsantostefanoey,$2y$10$LTzb2bdhvZ36asnwznyJleE1BoApclPTCwfi5cbbxxaGMRLp3AOXi,aplessingey@wordpress.org
540,sgiovaniez,$2y$10$LTzb2bdhvZ36asnwznyJleE1BoApclPTCwfi5cbbxxaGMRLp3AOXi,tlangerenez@columbia.edu
541,ifilshinf0,$2y$10$LTzb2bdhvZ36asnwznyJleE1BoApclPTCwfi5cbbxxaGMRLp3AOXi,tbyrkmyrf0@samsung.com
542,wlantaphf1,$2y$10$LTzb2bdhvZ36asnwznyJleE1BoApclPTCwfi5cbbxxaGMRLp3AOXi,kstiffellf1@yolasite.com
543,wcondyf2,$2y$10$LTzb2bdhvZ36asnwznyJleE1BoApclPTCwfi5cbbxxaGMRLp3AOXi,rbruggerf2@wordpress.com
544,aslimanf3,$2y$10$LTzb2bdhvZ36asnwznyJleE1BoApclPTCwfi5cbbxxaGMRLp3AOXi,dgloucesterf3@sina.com.cn
545,mliversidgef4,$2y$10$LTzb2bdhvZ36asnwznyJleE1BoApclPTCwfi5cbbxxaGMRLp3AOXi,mlowndsf4@pbs.org
546,cjiroutekf5,$2y$10$LTzb2bdhvZ36asnwznyJleE1BoApclPTCwfi5cbbxxaGMRLp3AOXi,vsaffinf5@sourceforge.net
547,cfrancescottif6,$2y$10$LTzb2bdhvZ36asnwznyJleE1BoApclPTCwfi5cbbxxaGMRLp3AOXi,gmarionf6@bing.com
548,sacklandsf7,$2y$10$LTzb2bdhvZ36asnwznyJleE1BoApclPTCwfi5cbbxxaGMRLp3AOXi,lgluyusf7@mashable.com
549,bwellwoodf8,$2y$10$LTzb2bdhvZ36asnwznyJleE1BoApclPTCwfi5cbbxxaGMRLp3AOXi,tdinesenf8@dell.com
550,tdugglebyf9,$2y$10$LTzb2bdhvZ36asnwznyJleE1BoApclPTCwfi5cbbxxaGMRLp3AOXi,crechertf9@altervista.org
551,mlaffanfa,$2y$10$LTzb2bdhvZ36asnwznyJleE1BoApclPTCwfi5cbbxxaGMRLp3AOXi,mtropmanfa@accuweather.com
552,ctumeltyfb,$2y$10$LTzb2bdhvZ36asnwznyJleE1BoApclPTCwfi5cbbxxaGMRLp3AOXi,amalefb@goo.ne.jp
553,mcopplestonefc,$2y$10$LTzb2bdhvZ36asnwznyJleE1BoApclPTCwfi5cbbxxaGMRLp3AOXi,hjansefc@noaa.gov
554,lgurkofd,$2y$10$LTzb2bdhvZ36asnwznyJleE1BoApclPTCwfi5cbbxxaGMRLp3AOXi,stomefd@photobucket.com
555,mduthiefe,$2y$10$LTzb2bdhvZ36asnwznyJleE1BoApclPTCwfi5cbbxxaGMRLp3AOXi,aferaghfe@bbb.org
556,hstannasff,$2y$10$LTzb2bdhvZ36asnwznyJleE1BoApclPTCwfi5cbbxxaGMRLp3AOXi,gcaffinff@ask.com
557,odaycefg,$2y$10$LTzb2bdhvZ36asnwznyJleE1BoApclPTCwfi5cbbxxaGMRLp3AOXi,fsuffefg@rakuten.co.jp
558,mavramovichfh,$2y$10$LTzb2bdhvZ36asnwznyJleE1BoApclPTCwfi5cbbxxaGMRLp3AOXi,mframptonfh@aol.com
559,fmannersfi,$2y$10$LTzb2bdhvZ36asnwznyJleE1BoApclPTCwfi5cbbxxaGMRLp3AOXi,dmurrumfi@adobe.com
560,dtomankiewiczfj,$2y$10$LTzb2bdhvZ36asnwznyJleE1BoApclPTCwfi5cbbxxaGMRLp3AOXi,egalletyfj@google.pl
561,fmoehlefk,$2y$10$LTzb2bdhvZ36asnwznyJleE1BoApclPTCwfi5cbbxxaGMRLp3AOXi,wobeneyfk@123-reg.co.uk
562,mwimsettfl,$2y$10$LTzb2bdhvZ36asnwznyJleE1BoApclPTCwfi5cbbxxaGMRLp3AOXi,tfitzroyfl@trellian.com
563,rskyrmfm,$2y$10$LTzb2bdhvZ36asnwznyJleE1BoApclPTCwfi5cbbxxaGMRLp3AOXi,poldfieldcherryfm@ed.gov
564,cpretswellfn,$2y$10$LTzb2bdhvZ36asnwznyJleE1BoApclPTCwfi5cbbxxaGMRLp3AOXi,awycherleyfn@nhs.uk
565,dmarofo,$2y$10$LTzb2bdhvZ36asnwznyJleE1BoApclPTCwfi5cbbxxaGMRLp3AOXi,cstannettfo@constantcontact.com
566,znorthinfp,$2y$10$LTzb2bdhvZ36asnwznyJleE1BoApclPTCwfi5cbbxxaGMRLp3AOXi,clefrancfp@tiny.cc
567,lambroschfq,$2y$10$LTzb2bdhvZ36asnwznyJleE1BoApclPTCwfi5cbbxxaGMRLp3AOXi,apolycotefq@ed.gov
568,ahanburyfr,$2y$10$LTzb2bdhvZ36asnwznyJleE1BoApclPTCwfi5cbbxxaGMRLp3AOXi,jkentfr@sourceforge.net
569,dreadwinfs,$2y$10$LTzb2bdhvZ36asnwznyJleE1BoApclPTCwfi5cbbxxaGMRLp3AOXi,lhoodlassfs@ezinearticles.com
570,nurianft,$2y$10$LTzb2bdhvZ36asnwznyJleE1BoApclPTCwfi5cbbxxaGMRLp3AOXi,wlowersonft@flavors.me
571,fcarikfu,$2y$10$LTzb2bdhvZ36asnwznyJleE1BoApclPTCwfi5cbbxxaGMRLp3AOXi,iwaszkiewiczfu@zimbio.com
572,sjirieckfv,$2y$10$LTzb2bdhvZ36asnwznyJleE1BoApclPTCwfi5cbbxxaGMRLp3AOXi,alympanyfv@youtube.com
573,lconringfw,$2y$10$LTzb2bdhvZ36asnwznyJleE1BoApclPTCwfi5cbbxxaGMRLp3AOXi,swalstowfw@wikimedia.org
574,kconyersfx,$2y$10$LTzb2bdhvZ36asnwznyJleE1BoApclPTCwfi5cbbxxaGMRLp3AOXi,faldersonfx@unicef.org
575,tstrodefy,$2y$10$LTzb2bdhvZ36asnwznyJleE1BoApclPTCwfi5cbbxxaGMRLp3AOXi,mevertfy@ehow.com
576,emccloughenfz,$2y$10$LTzb2bdhvZ36asnwznyJleE1BoApclPTCwfi5cbbxxaGMRLp3AOXi,ddoersfz@geocities.com
577,slabrenzg0,$2y$10$LTzb2bdhvZ36asnwznyJleE1BoApclPTCwfi5cbbxxaGMRLp3AOXi,mrozeg0@guardian.co.uk
578,vstidsong1,$2y$10$LTzb2bdhvZ36asnwznyJleE1BoApclPTCwfi5cbbxxaGMRLp3AOXi,rmorgeng1@ted.com
579,dnoorg2,$2y$10$LTzb2bdhvZ36asnwznyJleE1BoApclPTCwfi5cbbxxaGMRLp3AOXi,afroudg2@livejournal.com
580,jipslyg3,$2y$10$LTzb2bdhvZ36asnwznyJleE1BoApclPTCwfi5cbbxxaGMRLp3AOXi,gpenrethg3@cbslocal.com
581,gmenguyg4,$2y$10$LTzb2bdhvZ36asnwznyJleE1BoApclPTCwfi5cbbxxaGMRLp3AOXi,bimmerg4@un.org
582,aingerg5,$2y$10$LTzb2bdhvZ36asnwznyJleE1BoApclPTCwfi5cbbxxaGMRLp3AOXi,etreweelag5@issuu.com
583,tthomag6,$2y$10$LTzb2bdhvZ36asnwznyJleE1BoApclPTCwfi5cbbxxaGMRLp3AOXi,zstarrsg6@walmart.com
584,wsambidgeg7,$2y$10$LTzb2bdhvZ36asnwznyJleE1BoApclPTCwfi5cbbxxaGMRLp3AOXi,ldedamg7@yolasite.com
585,aedgertong8,$2y$10$LTzb2bdhvZ36asnwznyJleE1BoApclPTCwfi5cbbxxaGMRLp3AOXi,ebullersg8@buzzfeed.com
586,ldeightong9,$2y$10$LTzb2bdhvZ36asnwznyJleE1BoApclPTCwfi5cbbxxaGMRLp3AOXi,againsfordg9@japanpost.jp
587,mslowgravega,$2y$10$LTzb2bdhvZ36asnwznyJleE1BoApclPTCwfi5cbbxxaGMRLp3AOXi,astienhamga@discovery.com
588,jsennergb,$2y$10$LTzb2bdhvZ36asnwznyJleE1BoApclPTCwfi5cbbxxaGMRLp3AOXi,emaccambridgegb@cmu.edu
589,rbaybuttgc,$2y$10$LTzb2bdhvZ36asnwznyJleE1BoApclPTCwfi5cbbxxaGMRLp3AOXi,gfinnickgc@a8.net
590,dfadergd,$2y$10$LTzb2bdhvZ36asnwznyJleE1BoApclPTCwfi5cbbxxaGMRLp3AOXi,coneilgd@creativecommons.org
591,cheamsge,$2y$10$LTzb2bdhvZ36asnwznyJleE1BoApclPTCwfi5cbbxxaGMRLp3AOXi,egallardoge@yale.edu
592,ggrendongf,$2y$10$LTzb2bdhvZ36asnwznyJleE1BoApclPTCwfi5cbbxxaGMRLp3AOXi,vlebretongf@slate.com
593,kchamgg,$2y$10$LTzb2bdhvZ36asnwznyJleE1BoApclPTCwfi5cbbxxaGMRLp3AOXi,fclossgg@newyorker.com
594,trackgh,$2y$10$LTzb2bdhvZ36asnwznyJleE1BoApclPTCwfi5cbbxxaGMRLp3AOXi,hjeremaesgh@privacy.gov.au
595,adoickgi,$2y$10$LTzb2bdhvZ36asnwznyJleE1BoApclPTCwfi5cbbxxaGMRLp3AOXi,jbridglandgi@stanford.edu
596,kmckinlaygj,$2y$10$LTzb2bdhvZ36asnwznyJleE1BoApclPTCwfi5cbbxxaGMRLp3AOXi,bcurrellgj@tamu.edu
597,coakergk,$2y$10$LTzb2bdhvZ36asnwznyJleE1BoApclPTCwfi5cbbxxaGMRLp3AOXi,ademainegk@blogger.com
598,nmatteonigl,$2y$10$LTzb2bdhvZ36asnwznyJleE1BoApclPTCwfi5cbbxxaGMRLp3AOXi,vbertelsengl@wikia.com
599,dmaddingm,$2y$10$LTzb2bdhvZ36asnwznyJleE1BoApclPTCwfi5cbbxxaGMRLp3AOXi,estollmeiergm@squarespace.com
600,kwemmgn,$2y$10$LTzb2bdhvZ36asnwznyJleE1BoApclPTCwfi5cbbxxaGMRLp3AOXi,swaszkiewiczgn@bizjournals.com
601,iglendenninggo,$2y$10$LTzb2bdhvZ36asnwznyJleE1BoApclPTCwfi5cbbxxaGMRLp3AOXi,jabbottgo@patch.com
602,dfabbgp,$2y$10$LTzb2bdhvZ36asnwznyJleE1BoApclPTCwfi5cbbxxaGMRLp3AOXi,amillhousegp@pbs.org
603,tbeahangq,$2y$10$LTzb2bdhvZ36asnwznyJleE1BoApclPTCwfi5cbbxxaGMRLp3AOXi,tnorvalgq@npr.org
604,tfranegr,$2y$10$LTzb2bdhvZ36asnwznyJleE1BoApclPTCwfi5cbbxxaGMRLp3AOXi,hmencigr@army.mil
605,bscampgs,$2y$10$LTzb2bdhvZ36asnwznyJleE1BoApclPTCwfi5cbbxxaGMRLp3AOXi,sglantzgs@mozilla.org
606,mmirrallsgt,$2y$10$LTzb2bdhvZ36asnwznyJleE1BoApclPTCwfi5cbbxxaGMRLp3AOXi,wmaccrossongt@theguardian.com
607,ilaxgu,$2y$10$LTzb2bdhvZ36asnwznyJleE1BoApclPTCwfi5cbbxxaGMRLp3AOXi,lpinkstonegu@topsy.com
608,mheinzelgv,$2y$10$LTzb2bdhvZ36asnwznyJleE1BoApclPTCwfi5cbbxxaGMRLp3AOXi,tmeanygv@facebook.com
609,cfusseygw,$2y$10$LTzb2bdhvZ36asnwznyJleE1BoApclPTCwfi5cbbxxaGMRLp3AOXi,dboullengw@spotify.com
610,ajeramsgx,$2y$10$LTzb2bdhvZ36asnwznyJleE1BoApclPTCwfi5cbbxxaGMRLp3AOXi,dsincockgx@cpanel.net
611,gdudsongy,$2y$10$LTzb2bdhvZ36asnwznyJleE1BoApclPTCwfi5cbbxxaGMRLp3AOXi,nbirrelgy@vkontakte.ru
612,ktisongz,$2y$10$LTzb2bdhvZ36asnwznyJleE1BoApclPTCwfi5cbbxxaGMRLp3AOXi,oloftinggz@unesco.org
613,aarpinh0,$2y$10$LTzb2bdhvZ36asnwznyJleE1BoApclPTCwfi5cbbxxaGMRLp3AOXi,kfettesh0@google.com.hk
614,sselwoodh1,$2y$10$LTzb2bdhvZ36asnwznyJleE1BoApclPTCwfi5cbbxxaGMRLp3AOXi,rjohanningh1@yellowbook.com
615,mskatcherh2,$2y$10$LTzb2bdhvZ36asnwznyJleE1BoApclPTCwfi5cbbxxaGMRLp3AOXi,gzapaterh2@wsj.com
616,dpicknetth3,$2y$10$LTzb2bdhvZ36asnwznyJleE1BoApclPTCwfi5cbbxxaGMRLp3AOXi,rcampoh3@marriott.com
617,gklimah4,$2y$10$LTzb2bdhvZ36asnwznyJleE1BoApclPTCwfi5cbbxxaGMRLp3AOXi,theijneh4@gnu.org
618,cseathh5,$2y$10$LTzb2bdhvZ36asnwznyJleE1BoApclPTCwfi5cbbxxaGMRLp3AOXi,bbloueth5@mapquest.com
619,bcolhounh6,$2y$10$LTzb2bdhvZ36asnwznyJleE1BoApclPTCwfi5cbbxxaGMRLp3AOXi,edenesh6@gizmodo.com
620,nmatzeitish7,$2y$10$LTzb2bdhvZ36asnwznyJleE1BoApclPTCwfi5cbbxxaGMRLp3AOXi,hmartinoth7@cpanel.net
621,pcroalh8,$2y$10$LTzb2bdhvZ36asnwznyJleE1BoApclPTCwfi5cbbxxaGMRLp3AOXi,asiemensh8@apache.org
622,lnesterovh9,$2y$10$LTzb2bdhvZ36asnwznyJleE1BoApclPTCwfi5cbbxxaGMRLp3AOXi,tstannersh9@unblog.fr
623,rfarrellha,$2y$10$LTzb2bdhvZ36asnwznyJleE1BoApclPTCwfi5cbbxxaGMRLp3AOXi,bbrittlesha@i2i.jp
624,gjiranekhb,$2y$10$LTzb2bdhvZ36asnwznyJleE1BoApclPTCwfi5cbbxxaGMRLp3AOXi,cdearhb@4shared.com
625,mmatthensenhc,$2y$10$LTzb2bdhvZ36asnwznyJleE1BoApclPTCwfi5cbbxxaGMRLp3AOXi,kduffreehc@meetup.com
626,aselbyhd,$2y$10$LTzb2bdhvZ36asnwznyJleE1BoApclPTCwfi5cbbxxaGMRLp3AOXi,bsnalhamhd@tamu.edu
627,ccloneyhe,$2y$10$LTzb2bdhvZ36asnwznyJleE1BoApclPTCwfi5cbbxxaGMRLp3AOXi,hstoggellhe@vkontakte.ru
628,lpatillohf,$2y$10$LTzb2bdhvZ36asnwznyJleE1BoApclPTCwfi5cbbxxaGMRLp3AOXi,bkitchinerhf@cbsnews.com
629,pspittallhg,$2y$10$LTzb2bdhvZ36asnwznyJleE1BoApclPTCwfi5cbbxxaGMRLp3AOXi,rgintyhg@prweb.com
630,schatainierhh,$2y$10$LTzb2bdhvZ36asnwznyJleE1BoApclPTCwfi5cbbxxaGMRLp3AOXi,areameshh@skyrock.com
631,lmartensenhi,$2y$10$LTzb2bdhvZ36asnwznyJleE1BoApclPTCwfi5cbbxxaGMRLp3AOXi,slennardhi@hibu.com
632,slummasanahj,$2y$10$LTzb2bdhvZ36asnwznyJleE1BoApclPTCwfi5cbbxxaGMRLp3AOXi,tleutyhj@infoseek.co.jp
633,dduckerinhk,$2y$10$LTzb2bdhvZ36asnwznyJleE1BoApclPTCwfi5cbbxxaGMRLp3AOXi,ltoppinhk@mtv.com
634,kyerbornhl,$2y$10$LTzb2bdhvZ36asnwznyJleE1BoApclPTCwfi5cbbxxaGMRLp3AOXi,falbertsonhl@dmoz.org
635,dwalesahm,$2y$10$LTzb2bdhvZ36asnwznyJleE1BoApclPTCwfi5cbbxxaGMRLp3AOXi,ceneverhm@gravatar.com
636,afarohn,$2y$10$LTzb2bdhvZ36asnwznyJleE1BoApclPTCwfi5cbbxxaGMRLp3AOXi,smatasovhn@yellowbook.com
637,scoginho,$2y$10$LTzb2bdhvZ36asnwznyJleE1BoApclPTCwfi5cbbxxaGMRLp3AOXi,bmocherho@japanpost.jp
638,aiorillohp,$2y$10$LTzb2bdhvZ36asnwznyJleE1BoApclPTCwfi5cbbxxaGMRLp3AOXi,fduxfieldhp@studiopress.com
639,naisthorpehq,$2y$10$LTzb2bdhvZ36asnwznyJleE1BoApclPTCwfi5cbbxxaGMRLp3AOXi,mberthomehq@flavors.me
640,wwiganhr,$2y$10$LTzb2bdhvZ36asnwznyJleE1BoApclPTCwfi5cbbxxaGMRLp3AOXi,htrinerhr@google.pl
641,mbragancahs,$2y$10$LTzb2bdhvZ36asnwznyJleE1BoApclPTCwfi5cbbxxaGMRLp3AOXi,scastrillohs@imageshack.us
642,pgillinghamsht,$2y$10$LTzb2bdhvZ36asnwznyJleE1BoApclPTCwfi5cbbxxaGMRLp3AOXi,nashforthht@hud.gov
643,rhrihorovichhu,$2y$10$LTzb2bdhvZ36asnwznyJleE1BoApclPTCwfi5cbbxxaGMRLp3AOXi,cbrodwayhu@nba.com
644,lburghhv,$2y$10$LTzb2bdhvZ36asnwznyJleE1BoApclPTCwfi5cbbxxaGMRLp3AOXi,esacchettihv@bbc.co.uk
645,jtrussehw,$2y$10$LTzb2bdhvZ36asnwznyJleE1BoApclPTCwfi5cbbxxaGMRLp3AOXi,jsquierhw@hexun.com
646,regertonhx,$2y$10$LTzb2bdhvZ36asnwznyJleE1BoApclPTCwfi5cbbxxaGMRLp3AOXi,jdrayehx@sun.com
647,wterzihy,$2y$10$LTzb2bdhvZ36asnwznyJleE1BoApclPTCwfi5cbbxxaGMRLp3AOXi,bamirandahy@yellowbook.com
648,cmaconhz,$2y$10$LTzb2bdhvZ36asnwznyJleE1BoApclPTCwfi5cbbxxaGMRLp3AOXi,jnetherclifthz@macromedia.com
649,krusti0,$2y$10$LTzb2bdhvZ36asnwznyJleE1BoApclPTCwfi5cbbxxaGMRLp3AOXi,nduhigi0@twitpic.com
650,nkitchineri1,$2y$10$LTzb2bdhvZ36asnwznyJleE1BoApclPTCwfi5cbbxxaGMRLp3AOXi,cheitoni1@ucla.edu
651,ttookilli2,$2y$10$LTzb2bdhvZ36asnwznyJleE1BoApclPTCwfi5cbbxxaGMRLp3AOXi,klivzeyi2@samsung.com
652,bbrigdalei3,$2y$10$LTzb2bdhvZ36asnwznyJleE1BoApclPTCwfi5cbbxxaGMRLp3AOXi,dshilitoi3@soup.io
653,kchristophlei4,$2y$10$LTzb2bdhvZ36asnwznyJleE1BoApclPTCwfi5cbbxxaGMRLp3AOXi,kpaxfordei4@php.net
654,cwardinglyi5,$2y$10$LTzb2bdhvZ36asnwznyJleE1BoApclPTCwfi5cbbxxaGMRLp3AOXi,lmitkini5@tamu.edu
655,lstilesi6,$2y$10$LTzb2bdhvZ36asnwznyJleE1BoApclPTCwfi5cbbxxaGMRLp3AOXi,smethleyi6@japanpost.jp
656,abrozsseti7,$2y$10$LTzb2bdhvZ36asnwznyJleE1BoApclPTCwfi5cbbxxaGMRLp3AOXi,mgrisleyi7@techcrunch.com
657,tfairmani8,$2y$10$LTzb2bdhvZ36asnwznyJleE1BoApclPTCwfi5cbbxxaGMRLp3AOXi,rbeardsdalei8@cdbaby.com
658,chaggerstoni9,$2y$10$LTzb2bdhvZ36asnwznyJleE1BoApclPTCwfi5cbbxxaGMRLp3AOXi,rheildsi9@flickr.com
659,dkelneria,$2y$10$LTzb2bdhvZ36asnwznyJleE1BoApclPTCwfi5cbbxxaGMRLp3AOXi,awhitingia@answers.com
660,bduguidib,$2y$10$LTzb2bdhvZ36asnwznyJleE1BoApclPTCwfi5cbbxxaGMRLp3AOXi,ccottillib@livejournal.com
661,gmcvickeric,$2y$10$LTzb2bdhvZ36asnwznyJleE1BoApclPTCwfi5cbbxxaGMRLp3AOXi,vcutmareic@nps.gov
662,chowisonid,$2y$10$LTzb2bdhvZ36asnwznyJleE1BoApclPTCwfi5cbbxxaGMRLp3AOXi,sklossid@yale.edu
663,dgasperoie,$2y$10$LTzb2bdhvZ36asnwznyJleE1BoApclPTCwfi5cbbxxaGMRLp3AOXi,sipsleyie@whitehouse.gov
664,mskaceif,$2y$10$LTzb2bdhvZ36asnwznyJleE1BoApclPTCwfi5cbbxxaGMRLp3AOXi,sruthenif@smh.com.au
665,ghuddyig,$2y$10$LTzb2bdhvZ36asnwznyJleE1BoApclPTCwfi5cbbxxaGMRLp3AOXi,elinkinig@seattletimes.com
666,hkesbyih,$2y$10$LTzb2bdhvZ36asnwznyJleE1BoApclPTCwfi5cbbxxaGMRLp3AOXi,rmeritonih@nytimes.com
667,hpirtii,$2y$10$LTzb2bdhvZ36asnwznyJleE1BoApclPTCwfi5cbbxxaGMRLp3AOXi,idallasii@toplist.cz
668,mbluemanij,$2y$10$LTzb2bdhvZ36asnwznyJleE1BoApclPTCwfi5cbbxxaGMRLp3AOXi,ahinchonij@comsenz.com
669,rcraythorneik,$2y$10$LTzb2bdhvZ36asnwznyJleE1BoApclPTCwfi5cbbxxaGMRLp3AOXi,rjanjicik@thetimes.co.uk
670,csouthallil,$2y$10$LTzb2bdhvZ36asnwznyJleE1BoApclPTCwfi5cbbxxaGMRLp3AOXi,ajeevesil@goo.gl
671,ryouensim,$2y$10$LTzb2bdhvZ36asnwznyJleE1BoApclPTCwfi5cbbxxaGMRLp3AOXi,ldunicanim@biblegateway.com
672,tmalpasin,$2y$10$LTzb2bdhvZ36asnwznyJleE1BoApclPTCwfi5cbbxxaGMRLp3AOXi,cdurstonin@twitpic.com
673,ggarfootio,$2y$10$LTzb2bdhvZ36asnwznyJleE1BoApclPTCwfi5cbbxxaGMRLp3AOXi,sgellibrandio@fda.gov
674,bbinleyip,$2y$10$LTzb2bdhvZ36asnwznyJleE1BoApclPTCwfi5cbbxxaGMRLp3AOXi,gbuggsip@soup.io
675,arichemontiq,$2y$10$LTzb2bdhvZ36asnwznyJleE1BoApclPTCwfi5cbbxxaGMRLp3AOXi,gportugaliq@mediafire.com
676,lpennigarir,$2y$10$LTzb2bdhvZ36asnwznyJleE1BoApclPTCwfi5cbbxxaGMRLp3AOXi,rstclairir@pagesperso-orange.fr
677,vaxupis,$2y$10$LTzb2bdhvZ36asnwznyJleE1BoApclPTCwfi5cbbxxaGMRLp3AOXi,mkieferis@berkeley.edu
678,aaddekinit,$2y$10$LTzb2bdhvZ36asnwznyJleE1BoApclPTCwfi5cbbxxaGMRLp3AOXi,pchallissit@wikia.com
679,jrolandiu,$2y$10$LTzb2bdhvZ36asnwznyJleE1BoApclPTCwfi5cbbxxaGMRLp3AOXi,oburnsalliu@drupal.org
680,folderiv,$2y$10$LTzb2bdhvZ36asnwznyJleE1BoApclPTCwfi5cbbxxaGMRLp3AOXi,rlantaffiv@hugedomains.com
681,ipeachamiw,$2y$10$LTzb2bdhvZ36asnwznyJleE1BoApclPTCwfi5cbbxxaGMRLp3AOXi,rkemptoniw@printfriendly.com
682,mdoodsonix,$2y$10$LTzb2bdhvZ36asnwznyJleE1BoApclPTCwfi5cbbxxaGMRLp3AOXi,serikssonix@miitbeian.gov.cn
683,wcauldfieldiy,$2y$10$LTzb2bdhvZ36asnwznyJleE1BoApclPTCwfi5cbbxxaGMRLp3AOXi,lginglesiy@admin.ch
684,kborsayiz,$2y$10$LTzb2bdhvZ36asnwznyJleE1BoApclPTCwfi5cbbxxaGMRLp3AOXi,bcandlishiz@sciencedirect.com
685,tohenecanj0,$2y$10$LTzb2bdhvZ36asnwznyJleE1BoApclPTCwfi5cbbxxaGMRLp3AOXi,clynessj0@mlb.com
686,pdeclerkj1,$2y$10$LTzb2bdhvZ36asnwznyJleE1BoApclPTCwfi5cbbxxaGMRLp3AOXi,rbrunrothj1@dot.gov
687,saronsohnj2,$2y$10$LTzb2bdhvZ36asnwznyJleE1BoApclPTCwfi5cbbxxaGMRLp3AOXi,rabrahmsonj2@tinypic.com
688,gdaymentj3,$2y$10$LTzb2bdhvZ36asnwznyJleE1BoApclPTCwfi5cbbxxaGMRLp3AOXi,kdeverillej3@hao123.com
689,ncasoj4,$2y$10$LTzb2bdhvZ36asnwznyJleE1BoApclPTCwfi5cbbxxaGMRLp3AOXi,eubanksj4@examiner.com
690,stunnj5,$2y$10$LTzb2bdhvZ36asnwznyJleE1BoApclPTCwfi5cbbxxaGMRLp3AOXi,lstqueintainj5@loc.gov
691,lheighoj6,$2y$10$LTzb2bdhvZ36asnwznyJleE1BoApclPTCwfi5cbbxxaGMRLp3AOXi,ccoronasj6@army.mil
692,jmiddenj7,$2y$10$LTzb2bdhvZ36asnwznyJleE1BoApclPTCwfi5cbbxxaGMRLp3AOXi,obelmontj7@elegantthemes.com
693,asynanj8,$2y$10$LTzb2bdhvZ36asnwznyJleE1BoApclPTCwfi5cbbxxaGMRLp3AOXi,rcraggj8@cornell.edu
694,askrinej9,$2y$10$LTzb2bdhvZ36asnwznyJleE1BoApclPTCwfi5cbbxxaGMRLp3AOXi,mbanasiakj9@netlog.com
695,sdinneenja,$2y$10$LTzb2bdhvZ36asnwznyJleE1BoApclPTCwfi5cbbxxaGMRLp3AOXi,gbiasija@scientificamerican.com
696,rsitlintonjb,$2y$10$LTzb2bdhvZ36asnwznyJleE1BoApclPTCwfi5cbbxxaGMRLp3AOXi,vcumberpatchjb@oaic.gov.au
697,agraftonherbertjc,$2y$10$LTzb2bdhvZ36asnwznyJleE1BoApclPTCwfi5cbbxxaGMRLp3AOXi,nsnarejc@eepurl.com
698,ttronijd,$2y$10$LTzb2bdhvZ36asnwznyJleE1BoApclPTCwfi5cbbxxaGMRLp3AOXi,lburburoughjd@scientificamerican.com
699,gloddyje,$2y$10$LTzb2bdhvZ36asnwznyJleE1BoApclPTCwfi5cbbxxaGMRLp3AOXi,zannellje@globo.com
700,amacmeanmajf,$2y$10$LTzb2bdhvZ36asnwznyJleE1BoApclPTCwfi5cbbxxaGMRLp3AOXi,wcallicottjf@sun.com
701,mmoundjg,$2y$10$LTzb2bdhvZ36asnwznyJleE1BoApclPTCwfi5cbbxxaGMRLp3AOXi,feccottjg@wisc.edu
702,vandriveaujh,$2y$10$LTzb2bdhvZ36asnwznyJleE1BoApclPTCwfi5cbbxxaGMRLp3AOXi,mdowningjh@home.pl
703,cheavensji,$2y$10$LTzb2bdhvZ36asnwznyJleE1BoApclPTCwfi5cbbxxaGMRLp3AOXi,ckilroyji@de.vu
704,rcowchajj,$2y$10$LTzb2bdhvZ36asnwznyJleE1BoApclPTCwfi5cbbxxaGMRLp3AOXi,dscoldingjj@ask.com
705,hkearneyjk,$2y$10$LTzb2bdhvZ36asnwznyJleE1BoApclPTCwfi5cbbxxaGMRLp3AOXi,rmenurejk@timesonline.co.uk
706,gfenimorejl,$2y$10$LTzb2bdhvZ36asnwznyJleE1BoApclPTCwfi5cbbxxaGMRLp3AOXi,gwornumjl@miibeian.gov.cn
707,rdennantjm,$2y$10$LTzb2bdhvZ36asnwznyJleE1BoApclPTCwfi5cbbxxaGMRLp3AOXi,fbustinjm@woothemes.com
708,aroffejn,$2y$10$LTzb2bdhvZ36asnwznyJleE1BoApclPTCwfi5cbbxxaGMRLp3AOXi,ahutchisonjn@yahoo.com
709,lbouzekjo,$2y$10$LTzb2bdhvZ36asnwznyJleE1BoApclPTCwfi5cbbxxaGMRLp3AOXi,babeljo@apple.com
710,dgawnejp,$2y$10$LTzb2bdhvZ36asnwznyJleE1BoApclPTCwfi5cbbxxaGMRLp3AOXi,dstuchberryjp@csmonitor.com
711,sreadshalljq,$2y$10$LTzb2bdhvZ36asnwznyJleE1BoApclPTCwfi5cbbxxaGMRLp3AOXi,wmucklestonjq@upenn.edu
712,cfreearjr,$2y$10$LTzb2bdhvZ36asnwznyJleE1BoApclPTCwfi5cbbxxaGMRLp3AOXi,oethersonjr@drupal.org
713,hruzicjs,$2y$10$LTzb2bdhvZ36asnwznyJleE1BoApclPTCwfi5cbbxxaGMRLp3AOXi,kbrighousejs@arizona.edu
714,cissardjt,$2y$10$LTzb2bdhvZ36asnwznyJleE1BoApclPTCwfi5cbbxxaGMRLp3AOXi,ivalajt@cam.ac.uk
715,canelayju,$2y$10$LTzb2bdhvZ36asnwznyJleE1BoApclPTCwfi5cbbxxaGMRLp3AOXi,jwellenju@themeforest.net
716,wmeredythjv,$2y$10$LTzb2bdhvZ36asnwznyJleE1BoApclPTCwfi5cbbxxaGMRLp3AOXi,plevesleyjv@un.org
717,cliptrotjw,$2y$10$LTzb2bdhvZ36asnwznyJleE1BoApclPTCwfi5cbbxxaGMRLp3AOXi,palfonsettijw@tripadvisor.com
718,bdugdalejx,$2y$10$LTzb2bdhvZ36asnwznyJleE1BoApclPTCwfi5cbbxxaGMRLp3AOXi,lgoldfinchjx@blogs.com
719,tfranzonellojy,$2y$10$LTzb2bdhvZ36asnwznyJleE1BoApclPTCwfi5cbbxxaGMRLp3AOXi,flinturnjy@mit.edu
720,nkuhneljz,$2y$10$LTzb2bdhvZ36asnwznyJleE1BoApclPTCwfi5cbbxxaGMRLp3AOXi,sgablejz@pinterest.com
721,dnekrewsk0,$2y$10$LTzb2bdhvZ36asnwznyJleE1BoApclPTCwfi5cbbxxaGMRLp3AOXi,wringerk0@google.com
722,btwizellk1,$2y$10$LTzb2bdhvZ36asnwznyJleE1BoApclPTCwfi5cbbxxaGMRLp3AOXi,glisciandrok1@tinypic.com
723,akenderk2,$2y$10$LTzb2bdhvZ36asnwznyJleE1BoApclPTCwfi5cbbxxaGMRLp3AOXi,fcliftk2@51.la
724,acuardallk3,$2y$10$LTzb2bdhvZ36asnwznyJleE1BoApclPTCwfi5cbbxxaGMRLp3AOXi,fcarletonk3@mit.edu
725,bsalzburgk4,$2y$10$LTzb2bdhvZ36asnwznyJleE1BoApclPTCwfi5cbbxxaGMRLp3AOXi,zlampingk4@ucoz.com
726,omeaseyk5,$2y$10$LTzb2bdhvZ36asnwznyJleE1BoApclPTCwfi5cbbxxaGMRLp3AOXi,jmcfadyenk5@e-recht24.de
727,aakroydk6,$2y$10$LTzb2bdhvZ36asnwznyJleE1BoApclPTCwfi5cbbxxaGMRLp3AOXi,wpaynek6@foxnews.com
728,brossok7,$2y$10$LTzb2bdhvZ36asnwznyJleE1BoApclPTCwfi5cbbxxaGMRLp3AOXi,afinnimorek7@discovery.com
729,sprysk8,$2y$10$LTzb2bdhvZ36asnwznyJleE1BoApclPTCwfi5cbbxxaGMRLp3AOXi,dlomenk8@sciencedirect.com
730,hdizliek9,$2y$10$LTzb2bdhvZ36asnwznyJleE1BoApclPTCwfi5cbbxxaGMRLp3AOXi,rgebhardk9@hostgator.com
731,cpatenka,$2y$10$LTzb2bdhvZ36asnwznyJleE1BoApclPTCwfi5cbbxxaGMRLp3AOXi,scobleyka@liveinternet.ru
732,zcheverskb,$2y$10$LTzb2bdhvZ36asnwznyJleE1BoApclPTCwfi5cbbxxaGMRLp3AOXi,mbridgewoodkb@nydailynews.com
733,khyndsonkc,$2y$10$LTzb2bdhvZ36asnwznyJleE1BoApclPTCwfi5cbbxxaGMRLp3AOXi,ygratlandkc@scribd.com
734,ileelkd,$2y$10$LTzb2bdhvZ36asnwznyJleE1BoApclPTCwfi5cbbxxaGMRLp3AOXi,cgianolokd@unc.edu
735,tdommettke,$2y$10$LTzb2bdhvZ36asnwznyJleE1BoApclPTCwfi5cbbxxaGMRLp3AOXi,wmcguckinke@ovh.net
736,pbrotherskf,$2y$10$LTzb2bdhvZ36asnwznyJleE1BoApclPTCwfi5cbbxxaGMRLp3AOXi,aruecastlekf@google.ru
737,kcancelierkg,$2y$10$LTzb2bdhvZ36asnwznyJleE1BoApclPTCwfi5cbbxxaGMRLp3AOXi,sgittuskg@myspace.com
738,evickerykh,$2y$10$LTzb2bdhvZ36asnwznyJleE1BoApclPTCwfi5cbbxxaGMRLp3AOXi,ojirankh@skyrock.com
739,wsiveterki,$2y$10$LTzb2bdhvZ36asnwznyJleE1BoApclPTCwfi5cbbxxaGMRLp3AOXi,lpendredki@npr.org
740,cpawelskikj,$2y$10$LTzb2bdhvZ36asnwznyJleE1BoApclPTCwfi5cbbxxaGMRLp3AOXi,rlambertonkj@harvard.edu
741,shatcherkk,$2y$10$LTzb2bdhvZ36asnwznyJleE1BoApclPTCwfi5cbbxxaGMRLp3AOXi,tgiacomozzokk@hao123.com
742,imorforthkl,$2y$10$LTzb2bdhvZ36asnwznyJleE1BoApclPTCwfi5cbbxxaGMRLp3AOXi,awattingkl@wordpress.org
743,wperringkm,$2y$10$LTzb2bdhvZ36asnwznyJleE1BoApclPTCwfi5cbbxxaGMRLp3AOXi,rdepkekm@amazon.co.uk
744,hhamsonkn,$2y$10$LTzb2bdhvZ36asnwznyJleE1BoApclPTCwfi5cbbxxaGMRLp3AOXi,bfildeskn@stumbleupon.com
745,sgilbeyko,$2y$10$LTzb2bdhvZ36asnwznyJleE1BoApclPTCwfi5cbbxxaGMRLp3AOXi,mdovidianko@wordpress.com
746,gwillsmorekp,$2y$10$LTzb2bdhvZ36asnwznyJleE1BoApclPTCwfi5cbbxxaGMRLp3AOXi,ntidcombkp@desdev.cn
747,snellenkq,$2y$10$LTzb2bdhvZ36asnwznyJleE1BoApclPTCwfi5cbbxxaGMRLp3AOXi,abartoskq@elegantthemes.com
748,mswofferkr,$2y$10$LTzb2bdhvZ36asnwznyJleE1BoApclPTCwfi5cbbxxaGMRLp3AOXi,ggurdenkr@uiuc.edu
749,sgeistmannks,$2y$10$LTzb2bdhvZ36asnwznyJleE1BoApclPTCwfi5cbbxxaGMRLp3AOXi,csaggsks@google.com
750,jaimablekt,$2y$10$LTzb2bdhvZ36asnwznyJleE1BoApclPTCwfi5cbbxxaGMRLp3AOXi,mstainsonkt@state.tx.us
751,dalekseevku,$2y$10$LTzb2bdhvZ36asnwznyJleE1BoApclPTCwfi5cbbxxaGMRLp3AOXi,jzahorku@msn.com
752,jharmankv,$2y$10$LTzb2bdhvZ36asnwznyJleE1BoApclPTCwfi5cbbxxaGMRLp3AOXi,jgouinlockkv@europa.eu
753,ahalstonkw,$2y$10$LTzb2bdhvZ36asnwznyJleE1BoApclPTCwfi5cbbxxaGMRLp3AOXi,vsessunskw@theatlantic.com
754,inelthroppkx,$2y$10$LTzb2bdhvZ36asnwznyJleE1BoApclPTCwfi5cbbxxaGMRLp3AOXi,jcheccikx@dyndns.org
755,tblakewayky,$2y$10$LTzb2bdhvZ36asnwznyJleE1BoApclPTCwfi5cbbxxaGMRLp3AOXi,mdinckeky@dedecms.com
756,kbalkekz,$2y$10$LTzb2bdhvZ36asnwznyJleE1BoApclPTCwfi5cbbxxaGMRLp3AOXi,rbrillemankz@hao123.com
757,gviolletl0,$2y$10$LTzb2bdhvZ36asnwznyJleE1BoApclPTCwfi5cbbxxaGMRLp3AOXi,lmccombel0@meetup.com
758,jdulantyl1,$2y$10$LTzb2bdhvZ36asnwznyJleE1BoApclPTCwfi5cbbxxaGMRLp3AOXi,fwimsettl1@ifeng.com
759,zsnookesl2,$2y$10$LTzb2bdhvZ36asnwznyJleE1BoApclPTCwfi5cbbxxaGMRLp3AOXi,mgirardeyl2@arizona.edu
760,jbrickseyl3,$2y$10$LTzb2bdhvZ36asnwznyJleE1BoApclPTCwfi5cbbxxaGMRLp3AOXi,clewinsl3@geocities.com
761,mblodgettl4,$2y$10$LTzb2bdhvZ36asnwznyJleE1BoApclPTCwfi5cbbxxaGMRLp3AOXi,msruttonl4@blogspot.com
762,odossitl5,$2y$10$LTzb2bdhvZ36asnwznyJleE1BoApclPTCwfi5cbbxxaGMRLp3AOXi,mbrugdenl5@chron.com
763,fsatfordl6,$2y$10$LTzb2bdhvZ36asnwznyJleE1BoApclPTCwfi5cbbxxaGMRLp3AOXi,rvawtonl6@rakuten.co.jp
764,dsherell7,$2y$10$LTzb2bdhvZ36asnwznyJleE1BoApclPTCwfi5cbbxxaGMRLp3AOXi,njosskowitzl7@google.com.au
765,aisaaksohnl8,$2y$10$LTzb2bdhvZ36asnwznyJleE1BoApclPTCwfi5cbbxxaGMRLp3AOXi,psebyerl8@biblegateway.com
766,ltheuffl9,$2y$10$LTzb2bdhvZ36asnwznyJleE1BoApclPTCwfi5cbbxxaGMRLp3AOXi,frusselll9@geocities.jp
767,stilmouthla,$2y$10$LTzb2bdhvZ36asnwznyJleE1BoApclPTCwfi5cbbxxaGMRLp3AOXi,ogiblingla@state.tx.us
768,hgrichukhinlb,$2y$10$LTzb2bdhvZ36asnwznyJleE1BoApclPTCwfi5cbbxxaGMRLp3AOXi,ahebdonlb@hostgator.com
769,rgoneaulc,$2y$10$LTzb2bdhvZ36asnwznyJleE1BoApclPTCwfi5cbbxxaGMRLp3AOXi,tkinsetlc@imageshack.us
770,lsmythld,$2y$10$LTzb2bdhvZ36asnwznyJleE1BoApclPTCwfi5cbbxxaGMRLp3AOXi,htregidgold@imageshack.us
771,mbrandrickle,$2y$10$LTzb2bdhvZ36asnwznyJleE1BoApclPTCwfi5cbbxxaGMRLp3AOXi,siacobettole@unblog.fr
772,gbolverlf,$2y$10$LTzb2bdhvZ36asnwznyJleE1BoApclPTCwfi5cbbxxaGMRLp3AOXi,jpidgeleylf@topsy.com
773,mvalalg,$2y$10$LTzb2bdhvZ36asnwznyJleE1BoApclPTCwfi5cbbxxaGMRLp3AOXi,ntavnerlg@salon.com
774,cfentonlh,$2y$10$LTzb2bdhvZ36asnwznyJleE1BoApclPTCwfi5cbbxxaGMRLp3AOXi,kverrallslh@sciencedaily.com
775,pvedntyevli,$2y$10$LTzb2bdhvZ36asnwznyJleE1BoApclPTCwfi5cbbxxaGMRLp3AOXi,esievewrightli@miitbeian.gov.cn
776,flindforslj,$2y$10$LTzb2bdhvZ36asnwznyJleE1BoApclPTCwfi5cbbxxaGMRLp3AOXi,lmarvenlj@macromedia.com
777,eianellilk,$2y$10$LTzb2bdhvZ36asnwznyJleE1BoApclPTCwfi5cbbxxaGMRLp3AOXi,cdaviddilk@barnesandnoble.com
778,mclevelyll,$2y$10$LTzb2bdhvZ36asnwznyJleE1BoApclPTCwfi5cbbxxaGMRLp3AOXi,astowgillll@squidoo.com
779,kruggierlm,$2y$10$LTzb2bdhvZ36asnwznyJleE1BoApclPTCwfi5cbbxxaGMRLp3AOXi,jforolm@chicagotribune.com
780,hdibernardoln,$2y$10$LTzb2bdhvZ36asnwznyJleE1BoApclPTCwfi5cbbxxaGMRLp3AOXi,wwinsorln@mediafire.com
781,aechlo,$2y$10$LTzb2bdhvZ36asnwznyJleE1BoApclPTCwfi5cbbxxaGMRLp3AOXi,dkiehnelo@mtv.com
782,jluttylp,$2y$10$LTzb2bdhvZ36asnwznyJleE1BoApclPTCwfi5cbbxxaGMRLp3AOXi,mraffanlp@unesco.org
783,dlegallolq,$2y$10$LTzb2bdhvZ36asnwznyJleE1BoApclPTCwfi5cbbxxaGMRLp3AOXi,atorrittilq@mail.ru
784,ghannylr,$2y$10$LTzb2bdhvZ36asnwznyJleE1BoApclPTCwfi5cbbxxaGMRLp3AOXi,hlechellelr@reference.com
785,wyurovls,$2y$10$LTzb2bdhvZ36asnwznyJleE1BoApclPTCwfi5cbbxxaGMRLp3AOXi,jpudsallls@google.fr
786,nivashchenkolt,$2y$10$LTzb2bdhvZ36asnwznyJleE1BoApclPTCwfi5cbbxxaGMRLp3AOXi,mcluelylt@issuu.com
787,qbircherlu,$2y$10$LTzb2bdhvZ36asnwznyJleE1BoApclPTCwfi5cbbxxaGMRLp3AOXi,dgookelu@diigo.com
788,kburgotlv,$2y$10$LTzb2bdhvZ36asnwznyJleE1BoApclPTCwfi5cbbxxaGMRLp3AOXi,cshelperlv@elegantthemes.com
789,arosalw,$2y$10$LTzb2bdhvZ36asnwznyJleE1BoApclPTCwfi5cbbxxaGMRLp3AOXi,jbendinlw@list-manage.com
790,ceydenlx,$2y$10$LTzb2bdhvZ36asnwznyJleE1BoApclPTCwfi5cbbxxaGMRLp3AOXi,treeveslx@mozilla.org
791,tshackelly,$2y$10$LTzb2bdhvZ36asnwznyJleE1BoApclPTCwfi5cbbxxaGMRLp3AOXi,nmableyly@weather.com
792,tfergysonlz,$2y$10$LTzb2bdhvZ36asnwznyJleE1BoApclPTCwfi5cbbxxaGMRLp3AOXi,arutiglianolz@nymag.com
793,gdaughterym0,$2y$10$LTzb2bdhvZ36asnwznyJleE1BoApclPTCwfi5cbbxxaGMRLp3AOXi,kfortyem0@mit.edu
794,dkirkhousem1,$2y$10$LTzb2bdhvZ36asnwznyJleE1BoApclPTCwfi5cbbxxaGMRLp3AOXi,sgrabhamm1@icio.us
795,sdedmanm2,$2y$10$LTzb2bdhvZ36asnwznyJleE1BoApclPTCwfi5cbbxxaGMRLp3AOXi,jbrighamm2@cloudflare.com
796,slongriggm3,$2y$10$LTzb2bdhvZ36asnwznyJleE1BoApclPTCwfi5cbbxxaGMRLp3AOXi,mvedyaevm3@npr.org
797,bstannardm4,$2y$10$LTzb2bdhvZ36asnwznyJleE1BoApclPTCwfi5cbbxxaGMRLp3AOXi,jnuzzim4@feedburner.com
798,sstrussm5,$2y$10$LTzb2bdhvZ36asnwznyJleE1BoApclPTCwfi5cbbxxaGMRLp3AOXi,ballowaym5@java.com
799,dpeachmentm6,$2y$10$LTzb2bdhvZ36asnwznyJleE1BoApclPTCwfi5cbbxxaGMRLp3AOXi,bbarfordm6@nasa.gov
800,tcoolahanm7,$2y$10$LTzb2bdhvZ36asnwznyJleE1BoApclPTCwfi5cbbxxaGMRLp3AOXi,lgreenleesm7@princeton.edu
801,tstitsonm8,$2y$10$LTzb2bdhvZ36asnwznyJleE1BoApclPTCwfi5cbbxxaGMRLp3AOXi,vdungatem8@theguardian.com
802,lgoningm9,$2y$10$LTzb2bdhvZ36asnwznyJleE1BoApclPTCwfi5cbbxxaGMRLp3AOXi,hforderm9@ted.com
803,lmacyma,$2y$10$LTzb2bdhvZ36asnwznyJleE1BoApclPTCwfi5cbbxxaGMRLp3AOXi,rrichardinma@qq.com
804,tstovesmb,$2y$10$LTzb2bdhvZ36asnwznyJleE1BoApclPTCwfi5cbbxxaGMRLp3AOXi,eturrellmb@mapy.cz
805,mmcdugalmc,$2y$10$LTzb2bdhvZ36asnwznyJleE1BoApclPTCwfi5cbbxxaGMRLp3AOXi,dodgersmc@quantcast.com
806,hmacnallymd,$2y$10$LTzb2bdhvZ36asnwznyJleE1BoApclPTCwfi5cbbxxaGMRLp3AOXi,gstokellmd@nih.gov
807,arudmanme,$2y$10$LTzb2bdhvZ36asnwznyJleE1BoApclPTCwfi5cbbxxaGMRLp3AOXi,drashleighme@tripadvisor.com
808,fbarkessmf,$2y$10$LTzb2bdhvZ36asnwznyJleE1BoApclPTCwfi5cbbxxaGMRLp3AOXi,stibblesmf@bloglines.com
809,grickellmg,$2y$10$LTzb2bdhvZ36asnwznyJleE1BoApclPTCwfi5cbbxxaGMRLp3AOXi,cpletmg@symantec.com
810,frankmoremh,$2y$10$LTzb2bdhvZ36asnwznyJleE1BoApclPTCwfi5cbbxxaGMRLp3AOXi,lballancemh@cmu.edu
811,wbrundlemi,$2y$10$LTzb2bdhvZ36asnwznyJleE1BoApclPTCwfi5cbbxxaGMRLp3AOXi,thuxstepmi@dropbox.com
812,bwoollendsmj,$2y$10$LTzb2bdhvZ36asnwznyJleE1BoApclPTCwfi5cbbxxaGMRLp3AOXi,ksandeymj@1und1.de
813,tjordinmk,$2y$10$LTzb2bdhvZ36asnwznyJleE1BoApclPTCwfi5cbbxxaGMRLp3AOXi,rproschmk@wisc.edu
814,bbenkheml,$2y$10$LTzb2bdhvZ36asnwznyJleE1BoApclPTCwfi5cbbxxaGMRLp3AOXi,fhutcheonml@shareasale.com
815,targylemm,$2y$10$LTzb2bdhvZ36asnwznyJleE1BoApclPTCwfi5cbbxxaGMRLp3AOXi,gspeersmm@fastcompany.com
816,mbendixmn,$2y$10$LTzb2bdhvZ36asnwznyJleE1BoApclPTCwfi5cbbxxaGMRLp3AOXi,mlindstedtmn@mysql.com
817,mwallismo,$2y$10$LTzb2bdhvZ36asnwznyJleE1BoApclPTCwfi5cbbxxaGMRLp3AOXi,uiorimo@dailymail.co.uk
818,owinstonemp,$2y$10$LTzb2bdhvZ36asnwznyJleE1BoApclPTCwfi5cbbxxaGMRLp3AOXi,mgrundellmp@yahoo.com
819,ltomblettmq,$2y$10$LTzb2bdhvZ36asnwznyJleE1BoApclPTCwfi5cbbxxaGMRLp3AOXi,dcovenymq@com.com
820,mprattonmr,$2y$10$LTzb2bdhvZ36asnwznyJleE1BoApclPTCwfi5cbbxxaGMRLp3AOXi,mmacdaidmr@hubpages.com
821,hpenwardenms,$2y$10$LTzb2bdhvZ36asnwznyJleE1BoApclPTCwfi5cbbxxaGMRLp3AOXi,ithriftms@washingtonpost.com
822,rstollermt,$2y$10$LTzb2bdhvZ36asnwznyJleE1BoApclPTCwfi5cbbxxaGMRLp3AOXi,fdillingermt@unicef.org
823,pbassindalemu,$2y$10$LTzb2bdhvZ36asnwznyJleE1BoApclPTCwfi5cbbxxaGMRLp3AOXi,rpoltonemu@yahoo.com
824,rdalglieshmv,$2y$10$LTzb2bdhvZ36asnwznyJleE1BoApclPTCwfi5cbbxxaGMRLp3AOXi,wpielmv@examiner.com
825,ulekeuxmw,$2y$10$LTzb2bdhvZ36asnwznyJleE1BoApclPTCwfi5cbbxxaGMRLp3AOXi,dgeindremw@opensource.org
826,athumnelmx,$2y$10$LTzb2bdhvZ36asnwznyJleE1BoApclPTCwfi5cbbxxaGMRLp3AOXi,cfraschinimx@netvibes.com
827,mapsmy,$2y$10$LTzb2bdhvZ36asnwznyJleE1BoApclPTCwfi5cbbxxaGMRLp3AOXi,gpossemy@phpbb.com
828,psponermz,$2y$10$LTzb2bdhvZ36asnwznyJleE1BoApclPTCwfi5cbbxxaGMRLp3AOXi,fpoundfordmz@shop-pro.jp
829,lklaggesn0,$2y$10$LTzb2bdhvZ36asnwznyJleE1BoApclPTCwfi5cbbxxaGMRLp3AOXi,tmandevillen0@mlb.com
830,thartrightn1,$2y$10$LTzb2bdhvZ36asnwznyJleE1BoApclPTCwfi5cbbxxaGMRLp3AOXi,adearnleyn1@webs.com
831,jdelaspeen2,$2y$10$LTzb2bdhvZ36asnwznyJleE1BoApclPTCwfi5cbbxxaGMRLp3AOXi,mebbinsn2@de.vu
832,pvalenssmithn3,$2y$10$LTzb2bdhvZ36asnwznyJleE1BoApclPTCwfi5cbbxxaGMRLp3AOXi,pobrollachainn3@instagram.com
833,ctatamn4,$2y$10$LTzb2bdhvZ36asnwznyJleE1BoApclPTCwfi5cbbxxaGMRLp3AOXi,hmillinsn4@google.it
834,aportn5,$2y$10$LTzb2bdhvZ36asnwznyJleE1BoApclPTCwfi5cbbxxaGMRLp3AOXi,acorbien5@topsy.com
835,uionescon6,$2y$10$LTzb2bdhvZ36asnwznyJleE1BoApclPTCwfi5cbbxxaGMRLp3AOXi,bspikeingsn6@ibm.com
836,fbonifacen7,$2y$10$LTzb2bdhvZ36asnwznyJleE1BoApclPTCwfi5cbbxxaGMRLp3AOXi,agarricn7@slideshare.net
837,llahiffn8,$2y$10$LTzb2bdhvZ36asnwznyJleE1BoApclPTCwfi5cbbxxaGMRLp3AOXi,phazeldenen8@wix.com
838,ahartigann9,$2y$10$LTzb2bdhvZ36asnwznyJleE1BoApclPTCwfi5cbbxxaGMRLp3AOXi,ddibbinn9@bloomberg.com
839,eturbardna,$2y$10$LTzb2bdhvZ36asnwznyJleE1BoApclPTCwfi5cbbxxaGMRLp3AOXi,gdurbynna@census.gov
840,amadgenb,$2y$10$LTzb2bdhvZ36asnwznyJleE1BoApclPTCwfi5cbbxxaGMRLp3AOXi,shickissonnb@bandcamp.com
841,hbrooknc,$2y$10$LTzb2bdhvZ36asnwznyJleE1BoApclPTCwfi5cbbxxaGMRLp3AOXi,nfarresnc@utexas.edu
842,imclachlannd,$2y$10$LTzb2bdhvZ36asnwznyJleE1BoApclPTCwfi5cbbxxaGMRLp3AOXi,cbatchelarnd@google.cn
843,bcundyne,$2y$10$LTzb2bdhvZ36asnwznyJleE1BoApclPTCwfi5cbbxxaGMRLp3AOXi,csollimene@washington.edu
844,mwoodroofnf,$2y$10$LTzb2bdhvZ36asnwznyJleE1BoApclPTCwfi5cbbxxaGMRLp3AOXi,nraitnf@google.ca
845,dberrieng,$2y$10$LTzb2bdhvZ36asnwznyJleE1BoApclPTCwfi5cbbxxaGMRLp3AOXi,ddrooganng@bloglines.com
846,jstolbergnh,$2y$10$LTzb2bdhvZ36asnwznyJleE1BoApclPTCwfi5cbbxxaGMRLp3AOXi,bhubbuckenh@netscape.com
847,mrewni,$2y$10$LTzb2bdhvZ36asnwznyJleE1BoApclPTCwfi5cbbxxaGMRLp3AOXi,kallingtonni@toplist.cz
848,tsteinhamnj,$2y$10$LTzb2bdhvZ36asnwznyJleE1BoApclPTCwfi5cbbxxaGMRLp3AOXi,notsonnj@yandex.ru
849,ahalkyardnk,$2y$10$LTzb2bdhvZ36asnwznyJleE1BoApclPTCwfi5cbbxxaGMRLp3AOXi,apeaddienk@cmu.edu
850,hneemnl,$2y$10$LTzb2bdhvZ36asnwznyJleE1BoApclPTCwfi5cbbxxaGMRLp3AOXi,ssteptoenl@feedburner.com
851,myeldhamnm,$2y$10$LTzb2bdhvZ36asnwznyJleE1BoApclPTCwfi5cbbxxaGMRLp3AOXi,mpammentnm@ask.com
852,jhubboldnn,$2y$10$LTzb2bdhvZ36asnwznyJleE1BoApclPTCwfi5cbbxxaGMRLp3AOXi,wlindeboomnn@clickbank.net
853,nwittonno,$2y$10$LTzb2bdhvZ36asnwznyJleE1BoApclPTCwfi5cbbxxaGMRLp3AOXi,jholliarno@purevolume.com
854,lmaslennp,$2y$10$LTzb2bdhvZ36asnwznyJleE1BoApclPTCwfi5cbbxxaGMRLp3AOXi,gtittershillnp@java.com
855,sshorttnq,$2y$10$LTzb2bdhvZ36asnwznyJleE1BoApclPTCwfi5cbbxxaGMRLp3AOXi,clambanq@newsvine.com
856,hlowseleynr,$2y$10$LTzb2bdhvZ36asnwznyJleE1BoApclPTCwfi5cbbxxaGMRLp3AOXi,hdukelownr@tuttocitta.it
857,hsunnexns,$2y$10$LTzb2bdhvZ36asnwznyJleE1BoApclPTCwfi5cbbxxaGMRLp3AOXi,ayessonns@stanford.edu
858,ctwaitsnt,$2y$10$LTzb2bdhvZ36asnwznyJleE1BoApclPTCwfi5cbbxxaGMRLp3AOXi,bhearent@cornell.edu
859,ssamartnu,$2y$10$LTzb2bdhvZ36asnwznyJleE1BoApclPTCwfi5cbbxxaGMRLp3AOXi,tlowndsboroughnu@patch.com
860,eleehanenv,$2y$10$LTzb2bdhvZ36asnwznyJleE1BoApclPTCwfi5cbbxxaGMRLp3AOXi,dfollinnv@ed.gov
861,bslessernw,$2y$10$LTzb2bdhvZ36asnwznyJleE1BoApclPTCwfi5cbbxxaGMRLp3AOXi,ddikelsnw@ihg.com
862,rmorstonnx,$2y$10$LTzb2bdhvZ36asnwznyJleE1BoApclPTCwfi5cbbxxaGMRLp3AOXi,pstaplesnx@reuters.com
863,amilhenchny,$2y$10$LTzb2bdhvZ36asnwznyJleE1BoApclPTCwfi5cbbxxaGMRLp3AOXi,sswaytonny@oracle.com
864,chollyardnz,$2y$10$LTzb2bdhvZ36asnwznyJleE1BoApclPTCwfi5cbbxxaGMRLp3AOXi,amostonnz@t.co
865,byateo0,$2y$10$LTzb2bdhvZ36asnwznyJleE1BoApclPTCwfi5cbbxxaGMRLp3AOXi,ctithero0@ustream.tv
866,hgiacopazzio1,$2y$10$LTzb2bdhvZ36asnwznyJleE1BoApclPTCwfi5cbbxxaGMRLp3AOXi,hgalliero1@de.vu
867,srobenso2,$2y$10$LTzb2bdhvZ36asnwznyJleE1BoApclPTCwfi5cbbxxaGMRLp3AOXi,gfazano2@dyndns.org
868,mspellingo3,$2y$10$LTzb2bdhvZ36asnwznyJleE1BoApclPTCwfi5cbbxxaGMRLp3AOXi,atrenbeyo3@bigcartel.com
869,jjewkso4,$2y$10$LTzb2bdhvZ36asnwznyJleE1BoApclPTCwfi5cbbxxaGMRLp3AOXi,gringeo4@loc.gov
870,esterteo5,$2y$10$LTzb2bdhvZ36asnwznyJleE1BoApclPTCwfi5cbbxxaGMRLp3AOXi,brenekeo5@dailymotion.com
871,thuxtableo6,$2y$10$LTzb2bdhvZ36asnwznyJleE1BoApclPTCwfi5cbbxxaGMRLp3AOXi,amillino6@upenn.edu
872,jcoppinso7,$2y$10$LTzb2bdhvZ36asnwznyJleE1BoApclPTCwfi5cbbxxaGMRLp3AOXi,kstainburno7@mit.edu
873,fotoweyo8,$2y$10$LTzb2bdhvZ36asnwznyJleE1BoApclPTCwfi5cbbxxaGMRLp3AOXi,dowthwaiteo8@amazon.com
874,oheekso9,$2y$10$LTzb2bdhvZ36asnwznyJleE1BoApclPTCwfi5cbbxxaGMRLp3AOXi,dventamo9@hibu.com
875,kswannickoa,$2y$10$LTzb2bdhvZ36asnwznyJleE1BoApclPTCwfi5cbbxxaGMRLp3AOXi,lchessiloa@yelp.com
876,ehawksleeob,$2y$10$LTzb2bdhvZ36asnwznyJleE1BoApclPTCwfi5cbbxxaGMRLp3AOXi,adunleyob@google.it
877,brosenbladoc,$2y$10$LTzb2bdhvZ36asnwznyJleE1BoApclPTCwfi5cbbxxaGMRLp3AOXi,ngruszkaoc@free.fr
878,misaksonod,$2y$10$LTzb2bdhvZ36asnwznyJleE1BoApclPTCwfi5cbbxxaGMRLp3AOXi,lkemetod@bing.com
879,cbotlyoe,$2y$10$LTzb2bdhvZ36asnwznyJleE1BoApclPTCwfi5cbbxxaGMRLp3AOXi,kpallantoe@abc.net.au
880,alawlanceof,$2y$10$LTzb2bdhvZ36asnwznyJleE1BoApclPTCwfi5cbbxxaGMRLp3AOXi,lhulsonof@dropbox.com
881,wwinleyog,$2y$10$LTzb2bdhvZ36asnwznyJleE1BoApclPTCwfi5cbbxxaGMRLp3AOXi,lmoneypennyog@bbc.co.uk
882,pribyoh,$2y$10$LTzb2bdhvZ36asnwznyJleE1BoApclPTCwfi5cbbxxaGMRLp3AOXi,hgalerooh@pbs.org
883,sstollsteimeroi,$2y$10$LTzb2bdhvZ36asnwznyJleE1BoApclPTCwfi5cbbxxaGMRLp3AOXi,bmeneghioi@google.co.jp
884,spietaschoj,$2y$10$LTzb2bdhvZ36asnwznyJleE1BoApclPTCwfi5cbbxxaGMRLp3AOXi,gdullingoj@delicious.com
885,dmcbratneyok,$2y$10$LTzb2bdhvZ36asnwznyJleE1BoApclPTCwfi5cbbxxaGMRLp3AOXi,adahlbomok@reddit.com
886,cnorthoverol,$2y$10$LTzb2bdhvZ36asnwznyJleE1BoApclPTCwfi5cbbxxaGMRLp3AOXi,ecoveyol@whitehouse.gov
887,pedworthyeom,$2y$10$LTzb2bdhvZ36asnwznyJleE1BoApclPTCwfi5cbbxxaGMRLp3AOXi,ablackbournom@addthis.com
888,pdelafoyon,$2y$10$LTzb2bdhvZ36asnwznyJleE1BoApclPTCwfi5cbbxxaGMRLp3AOXi,csedgeron@phpbb.com
889,czorzinoo,$2y$10$LTzb2bdhvZ36asnwznyJleE1BoApclPTCwfi5cbbxxaGMRLp3AOXi,acroxfordoo@ed.gov
890,vcollingwoodop,$2y$10$LTzb2bdhvZ36asnwznyJleE1BoApclPTCwfi5cbbxxaGMRLp3AOXi,tmcgarrellop@mysql.com
891,mruffeyoq,$2y$10$LTzb2bdhvZ36asnwznyJleE1BoApclPTCwfi5cbbxxaGMRLp3AOXi,ecaldayrouoq@time.com
892,mbrownsteinor,$2y$10$LTzb2bdhvZ36asnwznyJleE1BoApclPTCwfi5cbbxxaGMRLp3AOXi,hmeneuxor@furl.net
893,akamenaros,$2y$10$LTzb2bdhvZ36asnwznyJleE1BoApclPTCwfi5cbbxxaGMRLp3AOXi,jellerbyos@narod.ru
894,zbuckhamot,$2y$10$LTzb2bdhvZ36asnwznyJleE1BoApclPTCwfi5cbbxxaGMRLp3AOXi,shumbeyot@fastcompany.com
895,ssabbenou,$2y$10$LTzb2bdhvZ36asnwznyJleE1BoApclPTCwfi5cbbxxaGMRLp3AOXi,apleaseou@moonfruit.com
896,dbickerstaffeov,$2y$10$LTzb2bdhvZ36asnwznyJleE1BoApclPTCwfi5cbbxxaGMRLp3AOXi,krosenvasserov@un.org
897,cgaukrogerow,$2y$10$LTzb2bdhvZ36asnwznyJleE1BoApclPTCwfi5cbbxxaGMRLp3AOXi,icamelow@ibm.com
898,hanscottox,$2y$10$LTzb2bdhvZ36asnwznyJleE1BoApclPTCwfi5cbbxxaGMRLp3AOXi,fvuittetox@netscape.com
899,mmiddleoy,$2y$10$LTzb2bdhvZ36asnwznyJleE1BoApclPTCwfi5cbbxxaGMRLp3AOXi,tscarseoy@bbc.co.uk
900,cseabourneoz,$2y$10$LTzb2bdhvZ36asnwznyJleE1BoApclPTCwfi5cbbxxaGMRLp3AOXi,bvanderveldenoz@gov.uk
901,bwightmanp0,$2y$10$LTzb2bdhvZ36asnwznyJleE1BoApclPTCwfi5cbbxxaGMRLp3AOXi,nfoynesp0@dot.gov
902,chazeldenp1,$2y$10$LTzb2bdhvZ36asnwznyJleE1BoApclPTCwfi5cbbxxaGMRLp3AOXi,cposchelp1@google.es
903,kstancliffep2,$2y$10$LTzb2bdhvZ36asnwznyJleE1BoApclPTCwfi5cbbxxaGMRLp3AOXi,nmearnsp2@statcounter.com
904,ebeeblep3,$2y$10$LTzb2bdhvZ36asnwznyJleE1BoApclPTCwfi5cbbxxaGMRLp3AOXi,vmerrettp3@feedburner.com
905,emusgrovep4,$2y$10$LTzb2bdhvZ36asnwznyJleE1BoApclPTCwfi5cbbxxaGMRLp3AOXi,wbirchwoodp4@ow.ly
906,hbollamp5,$2y$10$LTzb2bdhvZ36asnwznyJleE1BoApclPTCwfi5cbbxxaGMRLp3AOXi,hatteridgep5@posterous.com
907,ncoulthurstp6,$2y$10$LTzb2bdhvZ36asnwznyJleE1BoApclPTCwfi5cbbxxaGMRLp3AOXi,ccharsleyp6@sciencedirect.com
908,gbrydonep7,$2y$10$LTzb2bdhvZ36asnwznyJleE1BoApclPTCwfi5cbbxxaGMRLp3AOXi,jfitzalanp7@nydailynews.com
909,relsworthp8,$2y$10$LTzb2bdhvZ36asnwznyJleE1BoApclPTCwfi5cbbxxaGMRLp3AOXi,kbibbp8@loc.gov
910,jcoganp9,$2y$10$LTzb2bdhvZ36asnwznyJleE1BoApclPTCwfi5cbbxxaGMRLp3AOXi,dhamleyp9@washingtonpost.com
911,scaswallpa,$2y$10$LTzb2bdhvZ36asnwznyJleE1BoApclPTCwfi5cbbxxaGMRLp3AOXi,mhaythornepa@blinklist.com
912,ivurleypb,$2y$10$LTzb2bdhvZ36asnwznyJleE1BoApclPTCwfi5cbbxxaGMRLp3AOXi,amatyushkinpb@fotki.com
913,kmatthiuspc,$2y$10$LTzb2bdhvZ36asnwznyJleE1BoApclPTCwfi5cbbxxaGMRLp3AOXi,msomertonpc@oracle.com
914,rplinckpd,$2y$10$LTzb2bdhvZ36asnwznyJleE1BoApclPTCwfi5cbbxxaGMRLp3AOXi,kcheesworthpd@privacy.gov.au
915,amowattpe,$2y$10$LTzb2bdhvZ36asnwznyJleE1BoApclPTCwfi5cbbxxaGMRLp3AOXi,mallmarkpe@slashdot.org
916,mchalfantpf,$2y$10$LTzb2bdhvZ36asnwznyJleE1BoApclPTCwfi5cbbxxaGMRLp3AOXi,jdiespf@addthis.com
917,jecclesallpg,$2y$10$LTzb2bdhvZ36asnwznyJleE1BoApclPTCwfi5cbbxxaGMRLp3AOXi,dhalletpg@loc.gov
918,egroganph,$2y$10$LTzb2bdhvZ36asnwznyJleE1BoApclPTCwfi5cbbxxaGMRLp3AOXi,aloveredgeph@cdc.gov
919,amatasovpi,$2y$10$LTzb2bdhvZ36asnwznyJleE1BoApclPTCwfi5cbbxxaGMRLp3AOXi,mhartfleetpi@google.cn
920,sprobartpj,$2y$10$LTzb2bdhvZ36asnwznyJleE1BoApclPTCwfi5cbbxxaGMRLp3AOXi,mpablospj@guardian.co.uk
921,gdurstonpk,$2y$10$LTzb2bdhvZ36asnwznyJleE1BoApclPTCwfi5cbbxxaGMRLp3AOXi,jjurzykpk@1und1.de
922,tgomersallpl,$2y$10$LTzb2bdhvZ36asnwznyJleE1BoApclPTCwfi5cbbxxaGMRLp3AOXi,lmoresidepl@opera.com
923,upackepm,$2y$10$LTzb2bdhvZ36asnwznyJleE1BoApclPTCwfi5cbbxxaGMRLp3AOXi,klembrickpm@omniture.com
924,ccolmerpn,$2y$10$LTzb2bdhvZ36asnwznyJleE1BoApclPTCwfi5cbbxxaGMRLp3AOXi,achittleburghpn@youtu.be
925,hbusstpo,$2y$10$LTzb2bdhvZ36asnwznyJleE1BoApclPTCwfi5cbbxxaGMRLp3AOXi,mvielpo@nyu.edu
926,gvonderemptenpp,$2y$10$LTzb2bdhvZ36asnwznyJleE1BoApclPTCwfi5cbbxxaGMRLp3AOXi,cdonaghiepp@bravesites.com
927,cburdittpq,$2y$10$LTzb2bdhvZ36asnwznyJleE1BoApclPTCwfi5cbbxxaGMRLp3AOXi,cellicepq@delicious.com
928,ashackelpr,$2y$10$LTzb2bdhvZ36asnwznyJleE1BoApclPTCwfi5cbbxxaGMRLp3AOXi,bschultheisspr@examiner.com
929,cmackerelps,$2y$10$LTzb2bdhvZ36asnwznyJleE1BoApclPTCwfi5cbbxxaGMRLp3AOXi,kwoodhamsps@senate.gov
930,rcloutept,$2y$10$LTzb2bdhvZ36asnwznyJleE1BoApclPTCwfi5cbbxxaGMRLp3AOXi,dbillinghampt@ed.gov
931,ajermeypu,$2y$10$LTzb2bdhvZ36asnwznyJleE1BoApclPTCwfi5cbbxxaGMRLp3AOXi,dslydepu@elegantthemes.com
932,gfominovpv,$2y$10$LTzb2bdhvZ36asnwznyJleE1BoApclPTCwfi5cbbxxaGMRLp3AOXi,jmaindspv@tinyurl.com
933,istimpsonpw,$2y$10$LTzb2bdhvZ36asnwznyJleE1BoApclPTCwfi5cbbxxaGMRLp3AOXi,dlimonpw@hubpages.com
934,jstreetfieldpx,$2y$10$LTzb2bdhvZ36asnwznyJleE1BoApclPTCwfi5cbbxxaGMRLp3AOXi,chuginpx@skyrock.com
935,nabramovitchpy,$2y$10$LTzb2bdhvZ36asnwznyJleE1BoApclPTCwfi5cbbxxaGMRLp3AOXi,tmacmenaminpy@de.vu
936,ccabrarapz,$2y$10$LTzb2bdhvZ36asnwznyJleE1BoApclPTCwfi5cbbxxaGMRLp3AOXi,swongpz@cocolog-nifty.com
937,hdonglesq0,$2y$10$LTzb2bdhvZ36asnwznyJleE1BoApclPTCwfi5cbbxxaGMRLp3AOXi,ciannielloq0@canalblog.com
938,mkharchinskiq1,$2y$10$LTzb2bdhvZ36asnwznyJleE1BoApclPTCwfi5cbbxxaGMRLp3AOXi,bzellandq1@networkadvertising.org
939,acolliholeq2,$2y$10$LTzb2bdhvZ36asnwznyJleE1BoApclPTCwfi5cbbxxaGMRLp3AOXi,wreideq2@weebly.com
940,nchallesq3,$2y$10$LTzb2bdhvZ36asnwznyJleE1BoApclPTCwfi5cbbxxaGMRLp3AOXi,mmcbeathq3@meetup.com
941,gmoohanq4,$2y$10$LTzb2bdhvZ36asnwznyJleE1BoApclPTCwfi5cbbxxaGMRLp3AOXi,jteapeq4@huffingtonpost.com
942,larnleyq5,$2y$10$LTzb2bdhvZ36asnwznyJleE1BoApclPTCwfi5cbbxxaGMRLp3AOXi,mshackletonq5@topsy.com
943,aoconnelq6,$2y$10$LTzb2bdhvZ36asnwznyJleE1BoApclPTCwfi5cbbxxaGMRLp3AOXi,dbuffeyq6@reference.com
944,epiffq7,$2y$10$LTzb2bdhvZ36asnwznyJleE1BoApclPTCwfi5cbbxxaGMRLp3AOXi,lhartlyq7@github.io
945,gmacgillacolmq8,$2y$10$LTzb2bdhvZ36asnwznyJleE1BoApclPTCwfi5cbbxxaGMRLp3AOXi,nruslenq8@usnews.com
946,wlibbyq9,$2y$10$LTzb2bdhvZ36asnwznyJleE1BoApclPTCwfi5cbbxxaGMRLp3AOXi,msetterthwaitq9@mysql.com
947,ufaraganqa,$2y$10$LTzb2bdhvZ36asnwznyJleE1BoApclPTCwfi5cbbxxaGMRLp3AOXi,khelisqa@digg.com
948,plambardqb,$2y$10$LTzb2bdhvZ36asnwznyJleE1BoApclPTCwfi5cbbxxaGMRLp3AOXi,cfellibrandqb@hhs.gov
949,mquinaneqc,$2y$10$LTzb2bdhvZ36asnwznyJleE1BoApclPTCwfi5cbbxxaGMRLp3AOXi,ckiliusqc@skyrock.com
950,melsleyqd,$2y$10$LTzb2bdhvZ36asnwznyJleE1BoApclPTCwfi5cbbxxaGMRLp3AOXi,aboarleysonqd@marketwatch.com
951,rgeelyqe,$2y$10$LTzb2bdhvZ36asnwznyJleE1BoApclPTCwfi5cbbxxaGMRLp3AOXi,ccoddqe@tamu.edu
952,hfonzoqf,$2y$10$LTzb2bdhvZ36asnwznyJleE1BoApclPTCwfi5cbbxxaGMRLp3AOXi,lcarrierqf@t.co
953,ksleafordqg,$2y$10$LTzb2bdhvZ36asnwznyJleE1BoApclPTCwfi5cbbxxaGMRLp3AOXi,agreensidesqg@last.fm
954,abuckieqh,$2y$10$LTzb2bdhvZ36asnwznyJleE1BoApclPTCwfi5cbbxxaGMRLp3AOXi,aetchinghamqh@msu.edu
955,wdawberqi,$2y$10$LTzb2bdhvZ36asnwznyJleE1BoApclPTCwfi5cbbxxaGMRLp3AOXi,vhoyerqi@ifeng.com
956,bpartnerqj,$2y$10$LTzb2bdhvZ36asnwznyJleE1BoApclPTCwfi5cbbxxaGMRLp3AOXi,rratcliffeqj@hao123.com
957,hdikqk,$2y$10$LTzb2bdhvZ36asnwznyJleE1BoApclPTCwfi5cbbxxaGMRLp3AOXi,kkierqk@indiatimes.com
958,imacliceql,$2y$10$LTzb2bdhvZ36asnwznyJleE1BoApclPTCwfi5cbbxxaGMRLp3AOXi,ccessfordql@eventbrite.com
959,gvasilchenkoqm,$2y$10$LTzb2bdhvZ36asnwznyJleE1BoApclPTCwfi5cbbxxaGMRLp3AOXi,jkubicaqm@discovery.com
960,tmathissenqn,$2y$10$LTzb2bdhvZ36asnwznyJleE1BoApclPTCwfi5cbbxxaGMRLp3AOXi,tcastanieqn@twitpic.com
961,sfearbyqo,$2y$10$LTzb2bdhvZ36asnwznyJleE1BoApclPTCwfi5cbbxxaGMRLp3AOXi,rmcdougaldqo@house.gov
962,fklimkovqp,$2y$10$LTzb2bdhvZ36asnwznyJleE1BoApclPTCwfi5cbbxxaGMRLp3AOXi,cgrewesqp@google.co.jp
963,agallieqq,$2y$10$LTzb2bdhvZ36asnwznyJleE1BoApclPTCwfi5cbbxxaGMRLp3AOXi,emcbrydeqq@deliciousdays.com
964,jgallandqr,$2y$10$LTzb2bdhvZ36asnwznyJleE1BoApclPTCwfi5cbbxxaGMRLp3AOXi,esteventonqr@reverbnation.com
965,jcaldroniqs,$2y$10$LTzb2bdhvZ36asnwznyJleE1BoApclPTCwfi5cbbxxaGMRLp3AOXi,sguerreauqs@va.gov
966,kbarnsonqt,$2y$10$LTzb2bdhvZ36asnwznyJleE1BoApclPTCwfi5cbbxxaGMRLp3AOXi,jhayhowqt@tinypic.com
967,gboddisqu,$2y$10$LTzb2bdhvZ36asnwznyJleE1BoApclPTCwfi5cbbxxaGMRLp3AOXi,bdorseyqu@dailymail.co.uk
968,remanuelliqv,$2y$10$LTzb2bdhvZ36asnwznyJleE1BoApclPTCwfi5cbbxxaGMRLp3AOXi,nbaldackqv@tripod.com
969,snorthedgeqw,$2y$10$LTzb2bdhvZ36asnwznyJleE1BoApclPTCwfi5cbbxxaGMRLp3AOXi,dfittonqw@com.com
970,bdmitrievskiqx,$2y$10$LTzb2bdhvZ36asnwznyJleE1BoApclPTCwfi5cbbxxaGMRLp3AOXi,eyurlovqx@seesaa.net
971,aosmintqy,$2y$10$LTzb2bdhvZ36asnwznyJleE1BoApclPTCwfi5cbbxxaGMRLp3AOXi,ldossetterqy@storify.com
972,ocosfordqz,$2y$10$LTzb2bdhvZ36asnwznyJleE1BoApclPTCwfi5cbbxxaGMRLp3AOXi,rlasseyqz@technorati.com
973,gfriarr0,$2y$10$LTzb2bdhvZ36asnwznyJleE1BoApclPTCwfi5cbbxxaGMRLp3AOXi,eframminghamr0@mediafire.com
974,rdutnallr1,$2y$10$LTzb2bdhvZ36asnwznyJleE1BoApclPTCwfi5cbbxxaGMRLp3AOXi,tkimmelr1@phoca.cz
975,jbonder2,$2y$10$LTzb2bdhvZ36asnwznyJleE1BoApclPTCwfi5cbbxxaGMRLp3AOXi,dpipkinr2@fotki.com
976,fhowesr3,$2y$10$LTzb2bdhvZ36asnwznyJleE1BoApclPTCwfi5cbbxxaGMRLp3AOXi,dsimanenkor3@cmu.edu
977,agotcherr4,$2y$10$LTzb2bdhvZ36asnwznyJleE1BoApclPTCwfi5cbbxxaGMRLp3AOXi,ebloanr4@bbb.org
978,slippittr5,$2y$10$LTzb2bdhvZ36asnwznyJleE1BoApclPTCwfi5cbbxxaGMRLp3AOXi,hseamarker5@facebook.com
979,kwebbyr6,$2y$10$LTzb2bdhvZ36asnwznyJleE1BoApclPTCwfi5cbbxxaGMRLp3AOXi,jsenescallr6@qq.com
980,emcnellyr7,$2y$10$LTzb2bdhvZ36asnwznyJleE1BoApclPTCwfi5cbbxxaGMRLp3AOXi,jwabersinker7@berkeley.edu
981,nepelettr8,$2y$10$LTzb2bdhvZ36asnwznyJleE1BoApclPTCwfi5cbbxxaGMRLp3AOXi,yroebyr8@macromedia.com
982,mrooker9,$2y$10$LTzb2bdhvZ36asnwznyJleE1BoApclPTCwfi5cbbxxaGMRLp3AOXi,pstivanir9@printfriendly.com
983,dblacksterra,$2y$10$LTzb2bdhvZ36asnwznyJleE1BoApclPTCwfi5cbbxxaGMRLp3AOXi,scruikshanksra@sina.com.cn
984,doferrisrb,$2y$10$LTzb2bdhvZ36asnwznyJleE1BoApclPTCwfi5cbbxxaGMRLp3AOXi,idunlearb@infoseek.co.jp
985,vcaferc,$2y$10$LTzb2bdhvZ36asnwznyJleE1BoApclPTCwfi5cbbxxaGMRLp3AOXi,bvanhaultrc@wp.com
986,blovelacerd,$2y$10$LTzb2bdhvZ36asnwznyJleE1BoApclPTCwfi5cbbxxaGMRLp3AOXi,zstearsrd@uol.com.br
987,cbartrapre,$2y$10$LTzb2bdhvZ36asnwznyJleE1BoApclPTCwfi5cbbxxaGMRLp3AOXi,jmoreingre@quantcast.com
988,htookillrf,$2y$10$LTzb2bdhvZ36asnwznyJleE1BoApclPTCwfi5cbbxxaGMRLp3AOXi,nmccambroisrf@mozilla.com
989,wmacfallrg,$2y$10$LTzb2bdhvZ36asnwznyJleE1BoApclPTCwfi5cbbxxaGMRLp3AOXi,sbuckrg@loc.gov
990,ggallacherrh,$2y$10$LTzb2bdhvZ36asnwznyJleE1BoApclPTCwfi5cbbxxaGMRLp3AOXi,oockwellrh@blogs.com
991,xfurslandri,$2y$10$LTzb2bdhvZ36asnwznyJleE1BoApclPTCwfi5cbbxxaGMRLp3AOXi,asweatingri@hao123.com
992,blammierj,$2y$10$LTzb2bdhvZ36asnwznyJleE1BoApclPTCwfi5cbbxxaGMRLp3AOXi,ttarterj@mapy.cz
993,mkoppesrk,$2y$10$LTzb2bdhvZ36asnwznyJleE1BoApclPTCwfi5cbbxxaGMRLp3AOXi,estapellsrk@digg.com
994,hbouldonrl,$2y$10$LTzb2bdhvZ36asnwznyJleE1BoApclPTCwfi5cbbxxaGMRLp3AOXi,esynderrl@a8.net
995,dkincaidrm,$2y$10$LTzb2bdhvZ36asnwznyJleE1BoApclPTCwfi5cbbxxaGMRLp3AOXi,mscotlandrm@geocities.com
996,spockeyrn,$2y$10$LTzb2bdhvZ36asnwznyJleE1BoApclPTCwfi5cbbxxaGMRLp3AOXi,wganingrn@ustream.tv
997,rrubinekro,$2y$10$LTzb2bdhvZ36asnwznyJleE1BoApclPTCwfi5cbbxxaGMRLp3AOXi,sropartzro@hatena.ne.jp
998,maltreerp,$2y$10$LTzb2bdhvZ36asnwznyJleE1BoApclPTCwfi5cbbxxaGMRLp3AOXi,ichuneyrp@ucsd.edu
999,tpeasnonerq,$2y$10$LTzb2bdhvZ36asnwznyJleE1BoApclPTCwfi5cbbxxaGMRLp3AOXi,sstorryrq@princeton.edu
1000,bspryrr,$2y$10$LTzb2bdhvZ36asnwznyJleE1BoApclPTCwfi5cbbxxaGMRLp3AOXi,fliddallrr@mediafire.com
